delay_type	year	percentile	delay
Acceptance	1965	  0.0	  16.00
Acceptance	1965	  2.5	  23.30
Acceptance	1965	  5.0	  32.20
Acceptance	1965	  7.5	  34.00
Acceptance	1965	 10.0	  39.00
Acceptance	1965	 12.5	  40.00
Acceptance	1965	 15.0	  41.60
Acceptance	1965	 17.5	  44.70
Acceptance	1965	 20.0	  50.60
Acceptance	1965	 22.5	  53.90
Acceptance	1965	 25.0	  55.00
Acceptance	1965	 27.5	  59.40
Acceptance	1965	 30.0	  63.00
Acceptance	1965	 32.5	  68.00
Acceptance	1965	 35.0	  69.40
Acceptance	1965	 37.5	  73.00
Acceptance	1965	 40.0	  80.20
Acceptance	1965	 42.5	  84.70
Acceptance	1965	 45.0	  87.80
Acceptance	1965	 47.5	  88.00
Acceptance	1965	 50.0	  91.00
Acceptance	1965	 52.5	  93.10
Acceptance	1965	 55.0	  96.40
Acceptance	1965	 57.5	 101.40
Acceptance	1965	 60.0	 115.00
Acceptance	1965	 62.5	 119.50
Acceptance	1965	 65.0	 124.00
Acceptance	1965	 67.5	 129.00
Acceptance	1965	 70.0	 138.00
Acceptance	1965	 72.5	 141.90
Acceptance	1965	 75.0	 146.00
Acceptance	1965	 77.5	 149.10
Acceptance	1965	 80.0	 159.20
Acceptance	1965	 82.5	 163.80
Acceptance	1965	 85.0	 168.00
Acceptance	1965	 87.5	 174.00
Acceptance	1965	 90.0	 190.00
Acceptance	1965	 92.5	 224.30
Acceptance	1965	 95.0	 310.80
Acceptance	1965	 97.5	 346.50
Acceptance	1965	100.0	 538.00
Acceptance	1966	  0.0	   2.00
Acceptance	1966	  2.5	   6.75
Acceptance	1966	  5.0	  11.50
Acceptance	1966	  7.5	  16.75
Acceptance	1966	 10.0	  20.00
Acceptance	1966	 12.5	  22.00
Acceptance	1966	 15.0	  25.50
Acceptance	1966	 17.5	  28.25
Acceptance	1966	 20.0	  32.00
Acceptance	1966	 22.5	  33.75
Acceptance	1966	 25.0	  35.00
Acceptance	1966	 27.5	  36.00
Acceptance	1966	 30.0	  39.00
Acceptance	1966	 32.5	  42.00
Acceptance	1966	 35.0	  44.50
Acceptance	1966	 37.5	  47.25
Acceptance	1966	 40.0	  49.00
Acceptance	1966	 42.5	  50.00
Acceptance	1966	 45.0	  53.00
Acceptance	1966	 47.5	  56.25
Acceptance	1966	 50.0	  60.00
Acceptance	1966	 52.5	  65.00
Acceptance	1966	 55.0	  70.00
Acceptance	1966	 57.5	  73.00
Acceptance	1966	 60.0	  78.00
Acceptance	1966	 62.5	  84.50
Acceptance	1966	 65.0	  87.00
Acceptance	1966	 67.5	  91.25
Acceptance	1966	 70.0	  96.00
Acceptance	1966	 72.5	  99.00
Acceptance	1966	 75.0	 105.00
Acceptance	1966	 77.5	 114.00
Acceptance	1966	 80.0	 119.00
Acceptance	1966	 82.5	 139.25
Acceptance	1966	 85.0	 160.50
Acceptance	1966	 87.5	 172.00
Acceptance	1966	 90.0	 195.00
Acceptance	1966	 92.5	 203.75
Acceptance	1966	 95.0	 260.00
Acceptance	1966	 97.5	 294.75
Acceptance	1966	100.0	 512.00
Acceptance	1967	  0.0	   7.00
Acceptance	1967	  2.5	  17.52
Acceptance	1967	  5.0	  22.00
Acceptance	1967	  7.5	  22.00
Acceptance	1967	 10.0	  25.20
Acceptance	1967	 12.5	  29.62
Acceptance	1967	 15.0	  30.00
Acceptance	1967	 17.5	  32.00
Acceptance	1967	 20.0	  34.00
Acceptance	1967	 22.5	  36.00
Acceptance	1967	 25.0	  37.25
Acceptance	1967	 27.5	  38.00
Acceptance	1967	 30.0	  40.30
Acceptance	1967	 32.5	  41.83
Acceptance	1967	 35.0	  43.35
Acceptance	1967	 37.5	  45.88
Acceptance	1967	 40.0	  47.00
Acceptance	1967	 42.5	  49.00
Acceptance	1967	 45.0	  52.00
Acceptance	1967	 47.5	  53.98
Acceptance	1967	 50.0	  56.00
Acceptance	1967	 52.5	  57.05
Acceptance	1967	 55.0	  63.55
Acceptance	1967	 57.5	  66.15
Acceptance	1967	 60.0	  70.60
Acceptance	1967	 62.5	  74.00
Acceptance	1967	 65.0	  76.65
Acceptance	1967	 67.5	  81.18
Acceptance	1967	 70.0	  83.70
Acceptance	1967	 72.5	  89.23
Acceptance	1967	 75.0	  92.75
Acceptance	1967	 77.5	  99.28
Acceptance	1967	 80.0	 105.80
Acceptance	1967	 82.5	 117.98
Acceptance	1967	 85.0	 132.00
Acceptance	1967	 87.5	 135.38
Acceptance	1967	 90.0	 169.80
Acceptance	1967	 92.5	 200.28
Acceptance	1967	 95.0	 215.75
Acceptance	1967	 97.5	 233.85
Acceptance	1967	100.0	 488.00
Acceptance	1968	  0.0	   1.00
Acceptance	1968	  2.5	   6.60
Acceptance	1968	  5.0	  12.20
Acceptance	1968	  7.5	  16.00
Acceptance	1968	 10.0	  19.00
Acceptance	1968	 12.5	  20.00
Acceptance	1968	 15.0	  21.00
Acceptance	1968	 17.5	  23.20
Acceptance	1968	 20.0	  25.00
Acceptance	1968	 22.5	  28.40
Acceptance	1968	 25.0	  32.00
Acceptance	1968	 27.5	  35.60
Acceptance	1968	 30.0	  37.20
Acceptance	1968	 32.5	  40.00
Acceptance	1968	 35.0	  43.40
Acceptance	1968	 37.5	  48.00
Acceptance	1968	 40.0	  50.00
Acceptance	1968	 42.5	  53.40
Acceptance	1968	 45.0	  56.80
Acceptance	1968	 47.5	  58.00
Acceptance	1968	 50.0	  61.00
Acceptance	1968	 52.5	  65.60
Acceptance	1968	 55.0	  69.20
Acceptance	1968	 57.5	  71.80
Acceptance	1968	 60.0	  76.00
Acceptance	1968	 62.5	  80.00
Acceptance	1968	 65.0	  84.20
Acceptance	1968	 67.5	  88.20
Acceptance	1968	 70.0	  92.00
Acceptance	1968	 72.5	  96.40
Acceptance	1968	 75.0	  99.00
Acceptance	1968	 77.5	 102.00
Acceptance	1968	 80.0	 105.00
Acceptance	1968	 82.5	 114.20
Acceptance	1968	 85.0	 131.00
Acceptance	1968	 87.5	 141.00
Acceptance	1968	 90.0	 165.20
Acceptance	1968	 92.5	 200.00
Acceptance	1968	 95.0	 264.40
Acceptance	1968	 97.5	 300.60
Acceptance	1968	100.0	 380.00
Acceptance	1969	  0.0	   5.00
Acceptance	1969	  2.5	   7.90
Acceptance	1969	  5.0	  10.00
Acceptance	1969	  7.5	  13.35
Acceptance	1969	 10.0	  15.00
Acceptance	1969	 12.5	  17.25
Acceptance	1969	 15.0	  21.00
Acceptance	1969	 17.5	  25.30
Acceptance	1969	 20.0	  28.00
Acceptance	1969	 22.5	  31.00
Acceptance	1969	 25.0	  33.50
Acceptance	1969	 27.5	  35.00
Acceptance	1969	 30.0	  37.00
Acceptance	1969	 32.5	  39.00
Acceptance	1969	 35.0	  41.30
Acceptance	1969	 37.5	  42.00
Acceptance	1969	 40.0	  43.20
Acceptance	1969	 42.5	  44.65
Acceptance	1969	 45.0	  48.10
Acceptance	1969	 47.5	  50.00
Acceptance	1969	 50.0	  56.00
Acceptance	1969	 52.5	  57.00
Acceptance	1969	 55.0	  62.80
Acceptance	1969	 57.5	  67.00
Acceptance	1969	 60.0	  69.00
Acceptance	1969	 62.5	  73.00
Acceptance	1969	 65.0	  77.00
Acceptance	1969	 67.5	  79.15
Acceptance	1969	 70.0	  83.00
Acceptance	1969	 72.5	  89.10
Acceptance	1969	 75.0	  95.50
Acceptance	1969	 77.5	  99.00
Acceptance	1969	 80.0	 106.60
Acceptance	1969	 82.5	 120.40
Acceptance	1969	 85.0	 134.10
Acceptance	1969	 87.5	 145.50
Acceptance	1969	 90.0	 183.60
Acceptance	1969	 92.5	 205.65
Acceptance	1969	 95.0	 222.50
Acceptance	1969	 97.5	 270.85
Acceptance	1969	100.0	 583.00
Acceptance	1970	  0.0	   4.00
Acceptance	1970	  2.5	   8.00
Acceptance	1970	  5.0	  12.00
Acceptance	1970	  7.5	  16.00
Acceptance	1970	 10.0	  19.40
Acceptance	1970	 12.5	  21.00
Acceptance	1970	 15.0	  24.00
Acceptance	1970	 17.5	  27.00
Acceptance	1970	 20.0	  28.80
Acceptance	1970	 22.5	  32.00
Acceptance	1970	 25.0	  34.00
Acceptance	1970	 27.5	  37.00
Acceptance	1970	 30.0	  42.00
Acceptance	1970	 32.5	  44.00
Acceptance	1970	 35.0	  47.20
Acceptance	1970	 37.5	  51.00
Acceptance	1970	 40.0	  54.60
Acceptance	1970	 42.5	  57.40
Acceptance	1970	 45.0	  60.00
Acceptance	1970	 47.5	  63.40
Acceptance	1970	 50.0	  67.00
Acceptance	1970	 52.5	  70.60
Acceptance	1970	 55.0	  79.00
Acceptance	1970	 57.5	  81.60
Acceptance	1970	 60.0	  84.00
Acceptance	1970	 62.5	  89.00
Acceptance	1970	 65.0	  97.00
Acceptance	1970	 67.5	  99.40
Acceptance	1970	 70.0	 103.00
Acceptance	1970	 72.5	 106.40
Acceptance	1970	 75.0	 114.00
Acceptance	1970	 77.5	 122.00
Acceptance	1970	 80.0	 148.20
Acceptance	1970	 82.5	 161.00
Acceptance	1970	 85.0	 166.40
Acceptance	1970	 87.5	 185.00
Acceptance	1970	 90.0	 223.60
Acceptance	1970	 92.5	 257.00
Acceptance	1970	 95.0	 273.80
Acceptance	1970	 97.5	 336.00
Acceptance	1970	100.0	 599.00
Acceptance	1971	  0.0	  10.00
Acceptance	1971	  2.5	  20.35
Acceptance	1971	  5.0	  29.90
Acceptance	1971	  7.5	  34.00
Acceptance	1971	 10.0	  35.00
Acceptance	1971	 12.5	  38.00
Acceptance	1971	 15.0	  41.70
Acceptance	1971	 17.5	  44.00
Acceptance	1971	 20.0	  50.60
Acceptance	1971	 22.5	  54.00
Acceptance	1971	 25.0	  55.50
Acceptance	1971	 27.5	  58.95
Acceptance	1971	 30.0	  62.40
Acceptance	1971	 32.5	  71.85
Acceptance	1971	 35.0	  75.30
Acceptance	1971	 37.5	  77.00
Acceptance	1971	 40.0	  83.00
Acceptance	1971	 42.5	  84.65
Acceptance	1971	 45.0	  89.10
Acceptance	1971	 47.5	  95.55
Acceptance	1971	 50.0	  99.00
Acceptance	1971	 52.5	  99.45
Acceptance	1971	 55.0	 100.90
Acceptance	1971	 57.5	 106.05
Acceptance	1971	 60.0	 111.60
Acceptance	1971	 62.5	 119.00
Acceptance	1971	 65.0	 122.70
Acceptance	1971	 67.5	 130.15
Acceptance	1971	 70.0	 134.00
Acceptance	1971	 72.5	 139.20
Acceptance	1971	 75.0	 146.50
Acceptance	1971	 77.5	 154.75
Acceptance	1971	 80.0	 158.00
Acceptance	1971	 82.5	 164.85
Acceptance	1971	 85.0	 168.30
Acceptance	1971	 87.5	 177.00
Acceptance	1971	 90.0	 210.60
Acceptance	1971	 92.5	 225.55
Acceptance	1971	 95.0	 275.40
Acceptance	1971	 97.5	 376.65
Acceptance	1971	100.0	 692.00
Acceptance	1972	  0.0	   7.00
Acceptance	1972	  2.5	  10.60
Acceptance	1972	  5.0	  15.00
Acceptance	1972	  7.5	  18.40
Acceptance	1972	 10.0	  22.00
Acceptance	1972	 12.5	  24.00
Acceptance	1972	 15.0	  27.00
Acceptance	1972	 17.5	  29.00
Acceptance	1972	 20.0	  30.80
Acceptance	1972	 22.5	  32.00
Acceptance	1972	 25.0	  33.00
Acceptance	1972	 27.5	  36.60
Acceptance	1972	 30.0	  38.20
Acceptance	1972	 32.5	  42.00
Acceptance	1972	 35.0	  45.00
Acceptance	1972	 37.5	  46.00
Acceptance	1972	 40.0	  47.00
Acceptance	1972	 42.5	  49.20
Acceptance	1972	 45.0	  53.80
Acceptance	1972	 47.5	  57.00
Acceptance	1972	 50.0	  61.00
Acceptance	1972	 52.5	  64.00
Acceptance	1972	 55.0	  69.00
Acceptance	1972	 57.5	  72.80
Acceptance	1972	 60.0	  75.20
Acceptance	1972	 62.5	  79.00
Acceptance	1972	 65.0	  81.20
Acceptance	1972	 67.5	  90.40
Acceptance	1972	 70.0	  99.00
Acceptance	1972	 72.5	 104.00
Acceptance	1972	 75.0	 119.00
Acceptance	1972	 77.5	 141.60
Acceptance	1972	 80.0	 152.00
Acceptance	1972	 82.5	 155.60
Acceptance	1972	 85.0	 182.00
Acceptance	1972	 87.5	 205.00
Acceptance	1972	 90.0	 228.00
Acceptance	1972	 92.5	 244.80
Acceptance	1972	 95.0	 294.20
Acceptance	1972	 97.5	 364.80
Acceptance	1972	100.0	 615.00
Acceptance	1973	  0.0	   1.00
Acceptance	1973	  2.5	   4.00
Acceptance	1973	  5.0	   6.00
Acceptance	1973	  7.5	   7.00
Acceptance	1973	 10.0	   9.00
Acceptance	1973	 12.5	  11.00
Acceptance	1973	 15.0	  14.55
Acceptance	1973	 17.5	  17.48
Acceptance	1973	 20.0	  21.40
Acceptance	1973	 22.5	  24.00
Acceptance	1973	 25.0	  27.00
Acceptance	1973	 27.5	  28.00
Acceptance	1973	 30.0	  31.00
Acceptance	1973	 32.5	  34.00
Acceptance	1973	 35.0	  36.00
Acceptance	1973	 37.5	  39.00
Acceptance	1973	 40.0	  43.00
Acceptance	1973	 42.5	  44.73
Acceptance	1973	 45.0	  48.65
Acceptance	1973	 47.5	  52.00
Acceptance	1973	 50.0	  54.50
Acceptance	1973	 52.5	  57.00
Acceptance	1973	 55.0	  59.00
Acceptance	1973	 57.5	  62.00
Acceptance	1973	 60.0	  64.00
Acceptance	1973	 62.5	  67.12
Acceptance	1973	 65.0	  72.05
Acceptance	1973	 67.5	  76.00
Acceptance	1973	 70.0	  77.00
Acceptance	1973	 72.5	  83.48
Acceptance	1973	 75.0	  88.75
Acceptance	1973	 77.5	  93.68
Acceptance	1973	 80.0	 103.60
Acceptance	1973	 82.5	 113.00
Acceptance	1973	 85.0	 117.45
Acceptance	1973	 87.5	 132.12
Acceptance	1973	 90.0	 152.00
Acceptance	1973	 92.5	 179.68
Acceptance	1973	 95.0	 198.60
Acceptance	1973	 97.5	 234.98
Acceptance	1973	100.0	 633.00
Acceptance	1974	  0.0	   3.00
Acceptance	1974	  2.5	  10.00
Acceptance	1974	  5.0	  11.90
Acceptance	1974	  7.5	  15.00
Acceptance	1974	 10.0	  18.00
Acceptance	1974	 12.5	  22.00
Acceptance	1974	 15.0	  26.70
Acceptance	1974	 17.5	  29.00
Acceptance	1974	 20.0	  31.00
Acceptance	1974	 22.5	  34.00
Acceptance	1974	 25.0	  35.50
Acceptance	1974	 27.5	  38.95
Acceptance	1974	 30.0	  44.00
Acceptance	1974	 32.5	  46.85
Acceptance	1974	 35.0	  49.30
Acceptance	1974	 37.5	  51.75
Acceptance	1974	 40.0	  55.00
Acceptance	1974	 42.5	  57.65
Acceptance	1974	 45.0	  60.00
Acceptance	1974	 47.5	  63.00
Acceptance	1974	 50.0	  67.00
Acceptance	1974	 52.5	  71.00
Acceptance	1974	 55.0	  74.00
Acceptance	1974	 57.5	  77.00
Acceptance	1974	 60.0	  81.80
Acceptance	1974	 62.5	  86.00
Acceptance	1974	 65.0	  91.00
Acceptance	1974	 67.5	  94.00
Acceptance	1974	 70.0	  98.00
Acceptance	1974	 72.5	 105.05
Acceptance	1974	 75.0	 115.00
Acceptance	1974	 77.5	 123.00
Acceptance	1974	 80.0	 129.80
Acceptance	1974	 82.5	 138.70
Acceptance	1974	 85.0	 150.30
Acceptance	1974	 87.5	 166.00
Acceptance	1974	 90.0	 178.20
Acceptance	1974	 92.5	 193.30
Acceptance	1974	 95.0	 227.20
Acceptance	1974	 97.5	 284.85
Acceptance	1974	100.0	 589.00
Acceptance	1975	  0.0	   1.00
Acceptance	1975	  2.5	   3.73
Acceptance	1975	  5.0	   7.00
Acceptance	1975	  7.5	   9.00
Acceptance	1975	 10.0	  10.00
Acceptance	1975	 12.5	  11.00
Acceptance	1975	 15.0	  14.00
Acceptance	1975	 17.5	  16.00
Acceptance	1975	 20.0	  19.80
Acceptance	1975	 22.5	  22.00
Acceptance	1975	 25.0	  24.00
Acceptance	1975	 27.5	  26.00
Acceptance	1975	 30.0	  27.70
Acceptance	1975	 32.5	  30.00
Acceptance	1975	 35.0	  32.15
Acceptance	1975	 37.5	  36.00
Acceptance	1975	 40.0	  39.00
Acceptance	1975	 42.5	  41.00
Acceptance	1975	 45.0	  43.00
Acceptance	1975	 47.5	  46.00
Acceptance	1975	 50.0	  48.50
Acceptance	1975	 52.5	  52.23
Acceptance	1975	 55.0	  56.00
Acceptance	1975	 57.5	  58.00
Acceptance	1975	 60.0	  60.40
Acceptance	1975	 62.5	  67.00
Acceptance	1975	 65.0	  69.00
Acceptance	1975	 67.5	  74.00
Acceptance	1975	 70.0	  80.00
Acceptance	1975	 72.5	  83.00
Acceptance	1975	 75.0	  91.00
Acceptance	1975	 77.5	  96.48
Acceptance	1975	 80.0	 101.20
Acceptance	1975	 82.5	 109.00
Acceptance	1975	 85.0	 115.30
Acceptance	1975	 87.5	 128.38
Acceptance	1975	 90.0	 141.20
Acceptance	1975	 92.5	 161.83
Acceptance	1975	 95.0	 201.30
Acceptance	1975	 97.5	 289.58
Acceptance	1975	100.0	 782.00
Acceptance	1976	  0.0	   1.00
Acceptance	1976	  2.5	   3.00
Acceptance	1976	  5.0	   4.00
Acceptance	1976	  7.5	   5.73
Acceptance	1976	 10.0	   8.00
Acceptance	1976	 12.5	   8.88
Acceptance	1976	 15.0	  11.00
Acceptance	1976	 17.5	  13.00
Acceptance	1976	 20.0	  14.00
Acceptance	1976	 22.5	  15.00
Acceptance	1976	 25.0	  18.00
Acceptance	1976	 27.5	  20.00
Acceptance	1976	 30.0	  21.00
Acceptance	1976	 32.5	  23.47
Acceptance	1976	 35.0	  25.00
Acceptance	1976	 37.5	  27.00
Acceptance	1976	 40.0	  29.20
Acceptance	1976	 42.5	  32.00
Acceptance	1976	 45.0	  35.35
Acceptance	1976	 47.5	  38.00
Acceptance	1976	 50.0	  41.00
Acceptance	1976	 52.5	  45.00
Acceptance	1976	 55.0	  50.00
Acceptance	1976	 57.5	  56.00
Acceptance	1976	 60.0	  61.00
Acceptance	1976	 62.5	  67.00
Acceptance	1976	 65.0	  71.95
Acceptance	1976	 67.5	  76.53
Acceptance	1976	 70.0	  82.00
Acceptance	1976	 72.5	  86.00
Acceptance	1976	 75.0	  91.00
Acceptance	1976	 77.5	  97.00
Acceptance	1976	 80.0	 105.00
Acceptance	1976	 82.5	 111.00
Acceptance	1976	 85.0	 122.55
Acceptance	1976	 87.5	 141.00
Acceptance	1976	 90.0	 155.00
Acceptance	1976	 92.5	 169.55
Acceptance	1976	 95.0	 208.80
Acceptance	1976	 97.5	 258.28
Acceptance	1976	100.0	 534.00
Acceptance	1977	  0.0	   1.00
Acceptance	1977	  2.5	   3.00
Acceptance	1977	  5.0	   7.00
Acceptance	1977	  7.5	   9.93
Acceptance	1977	 10.0	  14.00
Acceptance	1977	 12.5	  17.00
Acceptance	1977	 15.0	  19.00
Acceptance	1977	 17.5	  21.83
Acceptance	1977	 20.0	  26.80
Acceptance	1977	 22.5	  28.00
Acceptance	1977	 25.0	  31.00
Acceptance	1977	 27.5	  34.00
Acceptance	1977	 30.0	  38.00
Acceptance	1977	 32.5	  41.68
Acceptance	1977	 35.0	  46.00
Acceptance	1977	 37.5	  48.62
Acceptance	1977	 40.0	  52.60
Acceptance	1977	 42.5	  55.58
Acceptance	1977	 45.0	  59.00
Acceptance	1977	 47.5	  62.00
Acceptance	1977	 50.0	  68.00
Acceptance	1977	 52.5	  74.00
Acceptance	1977	 55.0	  77.00
Acceptance	1977	 57.5	  80.00
Acceptance	1977	 60.0	  85.00
Acceptance	1977	 62.5	  89.00
Acceptance	1977	 65.0	  92.00
Acceptance	1977	 67.5	  94.33
Acceptance	1977	 70.0	 100.00
Acceptance	1977	 72.5	 106.00
Acceptance	1977	 75.0	 111.25
Acceptance	1977	 77.5	 116.23
Acceptance	1977	 80.0	 125.20
Acceptance	1977	 82.5	 135.00
Acceptance	1977	 85.0	 146.00
Acceptance	1977	 87.5	 164.12
Acceptance	1977	 90.0	 179.00
Acceptance	1977	 92.5	 203.00
Acceptance	1977	 95.0	 243.00
Acceptance	1977	 97.5	 310.00
Acceptance	1977	100.0	 553.00
Acceptance	1978	  0.0	   1.00
Acceptance	1978	  2.5	   6.33
Acceptance	1978	  5.0	  10.00
Acceptance	1978	  7.5	  13.98
Acceptance	1978	 10.0	  16.00
Acceptance	1978	 12.5	  19.00
Acceptance	1978	 15.0	  22.95
Acceptance	1978	 17.5	  26.00
Acceptance	1978	 20.0	  28.60
Acceptance	1978	 22.5	  30.00
Acceptance	1978	 25.0	  33.00
Acceptance	1978	 27.5	  35.00
Acceptance	1978	 30.0	  38.00
Acceptance	1978	 32.5	  42.00
Acceptance	1978	 35.0	  44.00
Acceptance	1978	 37.5	  47.88
Acceptance	1978	 40.0	  51.00
Acceptance	1978	 42.5	  54.00
Acceptance	1978	 45.0	  56.00
Acceptance	1978	 47.5	  59.00
Acceptance	1978	 50.0	  62.00
Acceptance	1978	 52.5	  66.00
Acceptance	1978	 55.0	  70.00
Acceptance	1978	 57.5	  74.00
Acceptance	1978	 60.0	  80.00
Acceptance	1978	 62.5	  84.00
Acceptance	1978	 65.0	  87.45
Acceptance	1978	 67.5	  94.00
Acceptance	1978	 70.0	 102.10
Acceptance	1978	 72.5	 107.43
Acceptance	1978	 75.0	 115.75
Acceptance	1978	 77.5	 125.00
Acceptance	1978	 80.0	 132.00
Acceptance	1978	 82.5	 141.00
Acceptance	1978	 85.0	 147.05
Acceptance	1978	 87.5	 163.12
Acceptance	1978	 90.0	 175.00
Acceptance	1978	 92.5	 194.00
Acceptance	1978	 95.0	 218.15
Acceptance	1978	 97.5	 316.38
Acceptance	1978	100.0	 626.00
Acceptance	1979	  0.0	   1.00
Acceptance	1979	  2.5	   8.00
Acceptance	1979	  5.0	  18.00
Acceptance	1979	  7.5	  22.83
Acceptance	1979	 10.0	  27.00
Acceptance	1979	 12.5	  31.38
Acceptance	1979	 15.0	  35.65
Acceptance	1979	 17.5	  39.00
Acceptance	1979	 20.0	  42.20
Acceptance	1979	 22.5	  44.00
Acceptance	1979	 25.0	  48.00
Acceptance	1979	 27.5	  51.00
Acceptance	1979	 30.0	  53.00
Acceptance	1979	 32.5	  56.00
Acceptance	1979	 35.0	  60.00
Acceptance	1979	 37.5	  61.00
Acceptance	1979	 40.0	  64.00
Acceptance	1979	 42.5	  68.00
Acceptance	1979	 45.0	  71.00
Acceptance	1979	 47.5	  75.00
Acceptance	1979	 50.0	  76.50
Acceptance	1979	 52.5	  80.78
Acceptance	1979	 55.0	  84.00
Acceptance	1979	 57.5	  88.00
Acceptance	1979	 60.0	  91.00
Acceptance	1979	 62.5	  94.00
Acceptance	1979	 65.0	  98.00
Acceptance	1979	 67.5	 102.00
Acceptance	1979	 70.0	 108.00
Acceptance	1979	 72.5	 117.00
Acceptance	1979	 75.0	 124.00
Acceptance	1979	 77.5	 129.53
Acceptance	1979	 80.0	 140.00
Acceptance	1979	 82.5	 150.00
Acceptance	1979	 85.0	 158.00
Acceptance	1979	 87.5	 167.62
Acceptance	1979	 90.0	 180.00
Acceptance	1979	 92.5	 202.70
Acceptance	1979	 95.0	 233.45
Acceptance	1979	 97.5	 320.45
Acceptance	1979	100.0	1553.00
Acceptance	1980	  0.0	   3.00
Acceptance	1980	  2.5	  12.00
Acceptance	1980	  5.0	  21.00
Acceptance	1980	  7.5	  28.00
Acceptance	1980	 10.0	  32.00
Acceptance	1980	 12.5	  34.62
Acceptance	1980	 15.0	  40.35
Acceptance	1980	 17.5	  43.00
Acceptance	1980	 20.0	  46.00
Acceptance	1980	 22.5	  49.00
Acceptance	1980	 25.0	  52.00
Acceptance	1980	 27.5	  54.00
Acceptance	1980	 30.0	  56.00
Acceptance	1980	 32.5	  59.00
Acceptance	1980	 35.0	  62.00
Acceptance	1980	 37.5	  64.00
Acceptance	1980	 40.0	  66.00
Acceptance	1980	 42.5	  69.00
Acceptance	1980	 45.0	  72.00
Acceptance	1980	 47.5	  74.78
Acceptance	1980	 50.0	  77.00
Acceptance	1980	 52.5	  79.00
Acceptance	1980	 55.0	  84.00
Acceptance	1980	 57.5	  86.68
Acceptance	1980	 60.0	  91.00
Acceptance	1980	 62.5	  95.00
Acceptance	1980	 65.0	 100.00
Acceptance	1980	 67.5	 103.58
Acceptance	1980	 70.0	 108.30
Acceptance	1980	 72.5	 113.00
Acceptance	1980	 75.0	 121.00
Acceptance	1980	 77.5	 126.48
Acceptance	1980	 80.0	 137.80
Acceptance	1980	 82.5	 152.78
Acceptance	1980	 85.0	 165.90
Acceptance	1980	 87.5	 182.75
Acceptance	1980	 90.0	 217.10
Acceptance	1980	 92.5	 269.30
Acceptance	1980	 95.0	 331.10
Acceptance	1980	 97.5	 405.88
Acceptance	1980	100.0	 800.00
Acceptance	1981	  0.0	   3.00
Acceptance	1981	  2.5	  20.00
Acceptance	1981	  5.0	  24.00
Acceptance	1981	  7.5	  27.93
Acceptance	1981	 10.0	  31.00
Acceptance	1981	 12.5	  35.00
Acceptance	1981	 15.0	  40.85
Acceptance	1981	 17.5	  47.48
Acceptance	1981	 20.0	  51.80
Acceptance	1981	 22.5	  55.00
Acceptance	1981	 25.0	  59.75
Acceptance	1981	 27.5	  63.00
Acceptance	1981	 30.0	  67.00
Acceptance	1981	 32.5	  70.00
Acceptance	1981	 35.0	  73.00
Acceptance	1981	 37.5	  78.00
Acceptance	1981	 40.0	  81.00
Acceptance	1981	 42.5	  84.00
Acceptance	1981	 45.0	  87.00
Acceptance	1981	 47.5	  91.00
Acceptance	1981	 50.0	  94.50
Acceptance	1981	 52.5	  99.00
Acceptance	1981	 55.0	 103.00
Acceptance	1981	 57.5	 106.00
Acceptance	1981	 60.0	 112.00
Acceptance	1981	 62.5	 119.00
Acceptance	1981	 65.0	 127.00
Acceptance	1981	 67.5	 133.00
Acceptance	1981	 70.0	 140.00
Acceptance	1981	 72.5	 149.28
Acceptance	1981	 75.0	 158.25
Acceptance	1981	 77.5	 166.23
Acceptance	1981	 80.0	 173.20
Acceptance	1981	 82.5	 187.18
Acceptance	1981	 85.0	 204.00
Acceptance	1981	 87.5	 216.12
Acceptance	1981	 90.0	 237.50
Acceptance	1981	 92.5	 281.00
Acceptance	1981	 95.0	 328.15
Acceptance	1981	 97.5	 382.03
Acceptance	1981	100.0	 830.00
Acceptance	1982	  0.0	   1.00
Acceptance	1982	  2.5	  14.60
Acceptance	1982	  5.0	  21.20
Acceptance	1982	  7.5	  26.80
Acceptance	1982	 10.0	  31.40
Acceptance	1982	 12.5	  36.00
Acceptance	1982	 15.0	  41.00
Acceptance	1982	 17.5	  45.00
Acceptance	1982	 20.0	  49.00
Acceptance	1982	 22.5	  54.00
Acceptance	1982	 25.0	  57.00
Acceptance	1982	 27.5	  61.00
Acceptance	1982	 30.0	  63.00
Acceptance	1982	 32.5	  66.00
Acceptance	1982	 35.0	  70.00
Acceptance	1982	 37.5	  72.00
Acceptance	1982	 40.0	  76.00
Acceptance	1982	 42.5	  79.00
Acceptance	1982	 45.0	  82.00
Acceptance	1982	 47.5	  85.40
Acceptance	1982	 50.0	  88.00
Acceptance	1982	 52.5	  92.00
Acceptance	1982	 55.0	  95.20
Acceptance	1982	 57.5	  99.00
Acceptance	1982	 60.0	 105.00
Acceptance	1982	 62.5	 109.00
Acceptance	1982	 65.0	 115.00
Acceptance	1982	 67.5	 121.00
Acceptance	1982	 70.0	 129.80
Acceptance	1982	 72.5	 138.40
Acceptance	1982	 75.0	 148.00
Acceptance	1982	 77.5	 155.60
Acceptance	1982	 80.0	 164.60
Acceptance	1982	 82.5	 185.60
Acceptance	1982	 85.0	 209.40
Acceptance	1982	 87.5	 228.00
Acceptance	1982	 90.0	 251.20
Acceptance	1982	 92.5	 272.40
Acceptance	1982	 95.0	 333.20
Acceptance	1982	 97.5	 436.40
Acceptance	1982	100.0	1064.00
Acceptance	1983	  0.0	   3.00
Acceptance	1983	  2.5	  18.70
Acceptance	1983	  5.0	  28.00
Acceptance	1983	  7.5	  33.00
Acceptance	1983	 10.0	  36.00
Acceptance	1983	 12.5	  41.00
Acceptance	1983	 15.0	  46.00
Acceptance	1983	 17.5	  51.00
Acceptance	1983	 20.0	  54.00
Acceptance	1983	 22.5	  57.00
Acceptance	1983	 25.0	  61.00
Acceptance	1983	 27.5	  64.70
Acceptance	1983	 30.0	  67.00
Acceptance	1983	 32.5	  70.00
Acceptance	1983	 35.0	  73.00
Acceptance	1983	 37.5	  77.00
Acceptance	1983	 40.0	  81.20
Acceptance	1983	 42.5	  85.00
Acceptance	1983	 45.0	  88.00
Acceptance	1983	 47.5	  91.00
Acceptance	1983	 50.0	  93.00
Acceptance	1983	 52.5	  97.00
Acceptance	1983	 55.0	 101.00
Acceptance	1983	 57.5	 105.00
Acceptance	1983	 60.0	 110.80
Acceptance	1983	 62.5	 114.00
Acceptance	1983	 65.0	 119.00
Acceptance	1983	 67.5	 122.90
Acceptance	1983	 70.0	 127.60
Acceptance	1983	 72.5	 133.00
Acceptance	1983	 75.0	 141.00
Acceptance	1983	 77.5	 148.00
Acceptance	1983	 80.0	 158.40
Acceptance	1983	 82.5	 168.00
Acceptance	1983	 85.0	 180.80
Acceptance	1983	 87.5	 193.00
Acceptance	1983	 90.0	 210.20
Acceptance	1983	 92.5	 239.50
Acceptance	1983	 95.0	 285.00
Acceptance	1983	 97.5	 375.90
Acceptance	1983	100.0	1143.00
Acceptance	1984	  0.0	   1.00
Acceptance	1984	  2.5	  12.00
Acceptance	1984	  5.0	  18.00
Acceptance	1984	  7.5	  21.00
Acceptance	1984	 10.0	  25.00
Acceptance	1984	 12.5	  30.00
Acceptance	1984	 15.0	  35.00
Acceptance	1984	 17.5	  40.48
Acceptance	1984	 20.0	  45.00
Acceptance	1984	 22.5	  50.32
Acceptance	1984	 25.0	  56.00
Acceptance	1984	 27.5	  60.00
Acceptance	1984	 30.0	  63.00
Acceptance	1984	 32.5	  66.00
Acceptance	1984	 35.0	  69.00
Acceptance	1984	 37.5	  72.00
Acceptance	1984	 40.0	  74.80
Acceptance	1984	 42.5	  78.00
Acceptance	1984	 45.0	  83.00
Acceptance	1984	 47.5	  86.00
Acceptance	1984	 50.0	  89.00
Acceptance	1984	 52.5	  93.43
Acceptance	1984	 55.0	  99.00
Acceptance	1984	 57.5	 105.00
Acceptance	1984	 60.0	 110.00
Acceptance	1984	 62.5	 115.00
Acceptance	1984	 65.0	 121.00
Acceptance	1984	 67.5	 125.00
Acceptance	1984	 70.0	 131.00
Acceptance	1984	 72.5	 136.83
Acceptance	1984	 75.0	 145.00
Acceptance	1984	 77.5	 153.00
Acceptance	1984	 80.0	 160.00
Acceptance	1984	 82.5	 170.53
Acceptance	1984	 85.0	 186.00
Acceptance	1984	 87.5	 206.00
Acceptance	1984	 90.0	 236.00
Acceptance	1984	 92.5	 270.68
Acceptance	1984	 95.0	 325.00
Acceptance	1984	 97.5	 418.08
Acceptance	1984	100.0	 969.00
Acceptance	1985	  0.0	   1.00
Acceptance	1985	  2.5	  17.12
Acceptance	1985	  5.0	  26.00
Acceptance	1985	  7.5	  30.38
Acceptance	1985	 10.0	  36.00
Acceptance	1985	 12.5	  41.62
Acceptance	1985	 15.0	  48.00
Acceptance	1985	 17.5	  52.00
Acceptance	1985	 20.0	  56.00
Acceptance	1985	 22.5	  60.00
Acceptance	1985	 25.0	  64.00
Acceptance	1985	 27.5	  69.00
Acceptance	1985	 30.0	  72.00
Acceptance	1985	 32.5	  75.00
Acceptance	1985	 35.0	  78.00
Acceptance	1985	 37.5	  81.00
Acceptance	1985	 40.0	  85.00
Acceptance	1985	 42.5	  89.00
Acceptance	1985	 45.0	  93.00
Acceptance	1985	 47.5	  97.00
Acceptance	1985	 50.0	 101.00
Acceptance	1985	 52.5	 104.00
Acceptance	1985	 55.0	 109.00
Acceptance	1985	 57.5	 113.00
Acceptance	1985	 60.0	 117.00
Acceptance	1985	 62.5	 120.00
Acceptance	1985	 65.0	 125.25
Acceptance	1985	 67.5	 131.00
Acceptance	1985	 70.0	 137.00
Acceptance	1985	 72.5	 145.00
Acceptance	1985	 75.0	 152.75
Acceptance	1985	 77.5	 162.00
Acceptance	1985	 80.0	 171.00
Acceptance	1985	 82.5	 182.00
Acceptance	1985	 85.0	 194.25
Acceptance	1985	 87.5	 214.00
Acceptance	1985	 90.0	 236.00
Acceptance	1985	 92.5	 260.62
Acceptance	1985	 95.0	 331.00
Acceptance	1985	 97.5	 456.13
Acceptance	1985	100.0	 988.00
Acceptance	1986	  0.0	   1.00
Acceptance	1986	  2.5	  17.00
Acceptance	1986	  5.0	  27.90
Acceptance	1986	  7.5	  33.00
Acceptance	1986	 10.0	  38.00
Acceptance	1986	 12.5	  43.00
Acceptance	1986	 15.0	  49.00
Acceptance	1986	 17.5	  52.00
Acceptance	1986	 20.0	  57.00
Acceptance	1986	 22.5	  62.00
Acceptance	1986	 25.0	  65.00
Acceptance	1986	 27.5	  69.00
Acceptance	1986	 30.0	  73.00
Acceptance	1986	 32.5	  77.00
Acceptance	1986	 35.0	  80.00
Acceptance	1986	 37.5	  84.00
Acceptance	1986	 40.0	  88.00
Acceptance	1986	 42.5	  92.00
Acceptance	1986	 45.0	  96.00
Acceptance	1986	 47.5	 100.00
Acceptance	1986	 50.0	 104.00
Acceptance	1986	 52.5	 109.00
Acceptance	1986	 55.0	 114.00
Acceptance	1986	 57.5	 119.00
Acceptance	1986	 60.0	 126.00
Acceptance	1986	 62.5	 133.00
Acceptance	1986	 65.0	 141.00
Acceptance	1986	 67.5	 149.00
Acceptance	1986	 70.0	 158.00
Acceptance	1986	 72.5	 168.00
Acceptance	1986	 75.0	 181.50
Acceptance	1986	 77.5	 196.00
Acceptance	1986	 80.0	 211.40
Acceptance	1986	 82.5	 226.35
Acceptance	1986	 85.0	 245.30
Acceptance	1986	 87.5	 263.00
Acceptance	1986	 90.0	 284.00
Acceptance	1986	 92.5	 305.45
Acceptance	1986	 95.0	 371.00
Acceptance	1986	 97.5	 462.00
Acceptance	1986	100.0	1490.00
Acceptance	1987	  0.0	   2.00
Acceptance	1987	  2.5	  17.00
Acceptance	1987	  5.0	  28.00
Acceptance	1987	  7.5	  33.00
Acceptance	1987	 10.0	  39.00
Acceptance	1987	 12.5	  45.88
Acceptance	1987	 15.0	  49.65
Acceptance	1987	 17.5	  55.00
Acceptance	1987	 20.0	  60.00
Acceptance	1987	 22.5	  63.98
Acceptance	1987	 25.0	  69.00
Acceptance	1987	 27.5	  72.00
Acceptance	1987	 30.0	  77.00
Acceptance	1987	 32.5	  81.00
Acceptance	1987	 35.0	  85.00
Acceptance	1987	 37.5	  89.00
Acceptance	1987	 40.0	  92.00
Acceptance	1987	 42.5	  96.00
Acceptance	1987	 45.0	 100.00
Acceptance	1987	 47.5	 103.73
Acceptance	1987	 50.0	 107.00
Acceptance	1987	 52.5	 112.00
Acceptance	1987	 55.0	 119.00
Acceptance	1987	 57.5	 125.00
Acceptance	1987	 60.0	 132.00
Acceptance	1987	 62.5	 138.00
Acceptance	1987	 65.0	 144.15
Acceptance	1987	 67.5	 153.00
Acceptance	1987	 70.0	 164.00
Acceptance	1987	 72.5	 175.00
Acceptance	1987	 75.0	 193.00
Acceptance	1987	 77.5	 205.03
Acceptance	1987	 80.0	 218.80
Acceptance	1987	 82.5	 232.00
Acceptance	1987	 85.0	 245.35
Acceptance	1987	 87.5	 272.00
Acceptance	1987	 90.0	 305.90
Acceptance	1987	 92.5	 352.35
Acceptance	1987	 95.0	 399.35
Acceptance	1987	 97.5	 519.90
Acceptance	1987	100.0	1324.00
Acceptance	1988	  0.0	   1.00
Acceptance	1988	  2.5	  10.00
Acceptance	1988	  5.0	  19.00
Acceptance	1988	  7.5	  25.00
Acceptance	1988	 10.0	  37.00
Acceptance	1988	 12.5	  44.38
Acceptance	1988	 15.0	  49.25
Acceptance	1988	 17.5	  55.00
Acceptance	1988	 20.0	  60.00
Acceptance	1988	 22.5	  64.00
Acceptance	1988	 25.0	  69.00
Acceptance	1988	 27.5	  73.00
Acceptance	1988	 30.0	  77.00
Acceptance	1988	 32.5	  80.38
Acceptance	1988	 35.0	  85.00
Acceptance	1988	 37.5	  90.00
Acceptance	1988	 40.0	  94.00
Acceptance	1988	 42.5	  98.00
Acceptance	1988	 45.0	 102.75
Acceptance	1988	 47.5	 108.00
Acceptance	1988	 50.0	 112.00
Acceptance	1988	 52.5	 116.00
Acceptance	1988	 55.0	 122.00
Acceptance	1988	 57.5	 128.00
Acceptance	1988	 60.0	 134.00
Acceptance	1988	 62.5	 141.00
Acceptance	1988	 65.0	 147.00
Acceptance	1988	 67.5	 156.00
Acceptance	1988	 70.0	 168.00
Acceptance	1988	 72.5	 180.00
Acceptance	1988	 75.0	 195.25
Acceptance	1988	 77.5	 211.00
Acceptance	1988	 80.0	 224.00
Acceptance	1988	 82.5	 241.88
Acceptance	1988	 85.0	 258.00
Acceptance	1988	 87.5	 275.00
Acceptance	1988	 90.0	 303.00
Acceptance	1988	 92.5	 347.38
Acceptance	1988	 95.0	 413.00
Acceptance	1988	 97.5	 560.25
Acceptance	1988	100.0	1779.00
Acceptance	1989	  0.0	   1.00
Acceptance	1989	  2.5	  15.00
Acceptance	1989	  5.0	  27.00
Acceptance	1989	  7.5	  35.00
Acceptance	1989	 10.0	  42.00
Acceptance	1989	 12.5	  46.00
Acceptance	1989	 15.0	  51.00
Acceptance	1989	 17.5	  56.00
Acceptance	1989	 20.0	  60.20
Acceptance	1989	 22.5	  65.00
Acceptance	1989	 25.0	  69.00
Acceptance	1989	 27.5	  75.00
Acceptance	1989	 30.0	  79.00
Acceptance	1989	 32.5	  84.00
Acceptance	1989	 35.0	  89.00
Acceptance	1989	 37.5	  92.00
Acceptance	1989	 40.0	  98.00
Acceptance	1989	 42.5	 102.00
Acceptance	1989	 45.0	 106.00
Acceptance	1989	 47.5	 111.00
Acceptance	1989	 50.0	 116.00
Acceptance	1989	 52.5	 120.00
Acceptance	1989	 55.0	 126.80
Acceptance	1989	 57.5	 133.00
Acceptance	1989	 60.0	 139.00
Acceptance	1989	 62.5	 145.50
Acceptance	1989	 65.0	 152.00
Acceptance	1989	 67.5	 160.00
Acceptance	1989	 70.0	 166.00
Acceptance	1989	 72.5	 175.00
Acceptance	1989	 75.0	 184.00
Acceptance	1989	 77.5	 196.00
Acceptance	1989	 80.0	 210.80
Acceptance	1989	 82.5	 232.70
Acceptance	1989	 85.0	 252.00
Acceptance	1989	 87.5	 280.00
Acceptance	1989	 90.0	 313.40
Acceptance	1989	 92.5	 358.60
Acceptance	1989	 95.0	 434.20
Acceptance	1989	 97.5	 619.10
Acceptance	1989	100.0	1383.00
Acceptance	1990	  0.0	   1.00
Acceptance	1990	  2.5	  13.00
Acceptance	1990	  5.0	  19.15
Acceptance	1990	  7.5	  28.00
Acceptance	1990	 10.0	  35.00
Acceptance	1990	 12.5	  39.00
Acceptance	1990	 15.0	  45.00
Acceptance	1990	 17.5	  50.00
Acceptance	1990	 20.0	  54.60
Acceptance	1990	 22.5	  59.00
Acceptance	1990	 25.0	  65.00
Acceptance	1990	 27.5	  69.00
Acceptance	1990	 30.0	  72.00
Acceptance	1990	 32.5	  75.00
Acceptance	1990	 35.0	  78.00
Acceptance	1990	 37.5	  83.00
Acceptance	1990	 40.0	  88.00
Acceptance	1990	 42.5	  91.00
Acceptance	1990	 45.0	  96.00
Acceptance	1990	 47.5	 101.00
Acceptance	1990	 50.0	 105.00
Acceptance	1990	 52.5	 110.00
Acceptance	1990	 55.0	 115.00
Acceptance	1990	 57.5	 120.00
Acceptance	1990	 60.0	 126.00
Acceptance	1990	 62.5	 133.00
Acceptance	1990	 65.0	 140.00
Acceptance	1990	 67.5	 150.00
Acceptance	1990	 70.0	 157.00
Acceptance	1990	 72.5	 168.00
Acceptance	1990	 75.0	 175.00
Acceptance	1990	 77.5	 188.00
Acceptance	1990	 80.0	 203.00
Acceptance	1990	 82.5	 215.48
Acceptance	1990	 85.0	 237.00
Acceptance	1990	 87.5	 261.00
Acceptance	1990	 90.0	 293.70
Acceptance	1990	 92.5	 331.00
Acceptance	1990	 95.0	 393.70
Acceptance	1990	 97.5	 510.55
Acceptance	1990	100.0	1648.00
Acceptance	1991	  0.0	   1.00
Acceptance	1991	  2.5	  10.00
Acceptance	1991	  5.0	  16.00
Acceptance	1991	  7.5	  24.00
Acceptance	1991	 10.0	  33.00
Acceptance	1991	 12.5	  41.00
Acceptance	1991	 15.0	  46.00
Acceptance	1991	 17.5	  52.33
Acceptance	1991	 20.0	  58.00
Acceptance	1991	 22.5	  64.00
Acceptance	1991	 25.0	  67.00
Acceptance	1991	 27.5	  72.00
Acceptance	1991	 30.0	  77.00
Acceptance	1991	 32.5	  81.00
Acceptance	1991	 35.0	  86.00
Acceptance	1991	 37.5	  90.00
Acceptance	1991	 40.0	  93.00
Acceptance	1991	 42.5	  97.08
Acceptance	1991	 45.0	 101.00
Acceptance	1991	 47.5	 105.00
Acceptance	1991	 50.0	 109.00
Acceptance	1991	 52.5	 113.00
Acceptance	1991	 55.0	 118.45
Acceptance	1991	 57.5	 123.93
Acceptance	1991	 60.0	 129.00
Acceptance	1991	 62.5	 134.88
Acceptance	1991	 65.0	 141.00
Acceptance	1991	 67.5	 149.83
Acceptance	1991	 70.0	 157.00
Acceptance	1991	 72.5	 165.00
Acceptance	1991	 75.0	 174.00
Acceptance	1991	 77.5	 184.00
Acceptance	1991	 80.0	 197.20
Acceptance	1991	 82.5	 214.00
Acceptance	1991	 85.0	 232.00
Acceptance	1991	 87.5	 255.62
Acceptance	1991	 90.0	 285.10
Acceptance	1991	 92.5	 343.58
Acceptance	1991	 95.0	 409.00
Acceptance	1991	 97.5	 587.73
Acceptance	1991	100.0	1186.00
Acceptance	1992	  0.0	   1.00
Acceptance	1992	  2.5	   9.00
Acceptance	1992	  5.0	  16.00
Acceptance	1992	  7.5	  21.00
Acceptance	1992	 10.0	  30.00
Acceptance	1992	 12.5	  38.50
Acceptance	1992	 15.0	  45.00
Acceptance	1992	 17.5	  50.00
Acceptance	1992	 20.0	  56.00
Acceptance	1992	 22.5	  61.00
Acceptance	1992	 25.0	  66.00
Acceptance	1992	 27.5	  70.30
Acceptance	1992	 30.0	  76.00
Acceptance	1992	 32.5	  78.00
Acceptance	1992	 35.0	  82.20
Acceptance	1992	 37.5	  87.00
Acceptance	1992	 40.0	  92.00
Acceptance	1992	 42.5	  96.10
Acceptance	1992	 45.0	 101.00
Acceptance	1992	 47.5	 105.00
Acceptance	1992	 50.0	 110.00
Acceptance	1992	 52.5	 114.00
Acceptance	1992	 55.0	 119.00
Acceptance	1992	 57.5	 124.00
Acceptance	1992	 60.0	 129.00
Acceptance	1992	 62.5	 135.50
Acceptance	1992	 65.0	 141.00
Acceptance	1992	 67.5	 147.00
Acceptance	1992	 70.0	 155.00
Acceptance	1992	 72.5	 163.00
Acceptance	1992	 75.0	 172.00
Acceptance	1992	 77.5	 181.30
Acceptance	1992	 80.0	 192.00
Acceptance	1992	 82.5	 203.90
Acceptance	1992	 85.0	 219.00
Acceptance	1992	 87.5	 234.00
Acceptance	1992	 90.0	 256.00
Acceptance	1992	 92.5	 294.10
Acceptance	1992	 95.0	 347.40
Acceptance	1992	 97.5	 466.00
Acceptance	1992	100.0	1483.00
Acceptance	1993	  0.0	   1.00
Acceptance	1993	  2.5	  10.68
Acceptance	1993	  5.0	  18.00
Acceptance	1993	  7.5	  25.00
Acceptance	1993	 10.0	  32.00
Acceptance	1993	 12.5	  37.00
Acceptance	1993	 15.0	  43.00
Acceptance	1993	 17.5	  49.00
Acceptance	1993	 20.0	  55.00
Acceptance	1993	 22.5	  60.07
Acceptance	1993	 25.0	  64.00
Acceptance	1993	 27.5	  69.00
Acceptance	1993	 30.0	  75.00
Acceptance	1993	 32.5	  79.00
Acceptance	1993	 35.0	  83.45
Acceptance	1993	 37.5	  88.00
Acceptance	1993	 40.0	  92.00
Acceptance	1993	 42.5	  96.00
Acceptance	1993	 45.0	 100.00
Acceptance	1993	 47.5	 105.00
Acceptance	1993	 50.0	 109.00
Acceptance	1993	 52.5	 113.00
Acceptance	1993	 55.0	 118.00
Acceptance	1993	 57.5	 123.00
Acceptance	1993	 60.0	 129.20
Acceptance	1993	 62.5	 135.00
Acceptance	1993	 65.0	 143.00
Acceptance	1993	 67.5	 149.23
Acceptance	1993	 70.0	 158.00
Acceptance	1993	 72.5	 167.58
Acceptance	1993	 75.0	 177.00
Acceptance	1993	 77.5	 188.00
Acceptance	1993	 80.0	 204.00
Acceptance	1993	 82.5	 218.00
Acceptance	1993	 85.0	 230.00
Acceptance	1993	 87.5	 249.00
Acceptance	1993	 90.0	 271.30
Acceptance	1993	 92.5	 305.00
Acceptance	1993	 95.0	 356.60
Acceptance	1993	 97.5	 448.00
Acceptance	1993	100.0	1624.00
Acceptance	1994	  0.0	   1.00
Acceptance	1994	  2.5	   7.00
Acceptance	1994	  5.0	  15.00
Acceptance	1994	  7.5	  23.00
Acceptance	1994	 10.0	  31.00
Acceptance	1994	 12.5	  38.00
Acceptance	1994	 15.0	  43.00
Acceptance	1994	 17.5	  49.00
Acceptance	1994	 20.0	  56.00
Acceptance	1994	 22.5	  61.00
Acceptance	1994	 25.0	  65.00
Acceptance	1994	 27.5	  70.00
Acceptance	1994	 30.0	  74.00
Acceptance	1994	 32.5	  78.00
Acceptance	1994	 35.0	  83.00
Acceptance	1994	 37.5	  86.00
Acceptance	1994	 40.0	  91.00
Acceptance	1994	 42.5	  95.00
Acceptance	1994	 45.0	 100.00
Acceptance	1994	 47.5	 105.00
Acceptance	1994	 50.0	 111.00
Acceptance	1994	 52.5	 115.00
Acceptance	1994	 55.0	 120.00
Acceptance	1994	 57.5	 126.00
Acceptance	1994	 60.0	 132.00
Acceptance	1994	 62.5	 138.00
Acceptance	1994	 65.0	 144.00
Acceptance	1994	 67.5	 152.00
Acceptance	1994	 70.0	 160.00
Acceptance	1994	 72.5	 168.83
Acceptance	1994	 75.0	 179.00
Acceptance	1994	 77.5	 189.00
Acceptance	1994	 80.0	 202.00
Acceptance	1994	 82.5	 216.00
Acceptance	1994	 85.0	 230.00
Acceptance	1994	 87.5	 247.00
Acceptance	1994	 90.0	 266.00
Acceptance	1994	 92.5	 292.22
Acceptance	1994	 95.0	 335.00
Acceptance	1994	 97.5	 406.00
Acceptance	1994	100.0	1179.00
Acceptance	1995	  0.0	   1.00
Acceptance	1995	  2.5	   7.00
Acceptance	1995	  5.0	  12.00
Acceptance	1995	  7.5	  19.00
Acceptance	1995	 10.0	  25.00
Acceptance	1995	 12.5	  32.00
Acceptance	1995	 15.0	  38.00
Acceptance	1995	 17.5	  43.00
Acceptance	1995	 20.0	  47.00
Acceptance	1995	 22.5	  52.00
Acceptance	1995	 25.0	  56.00
Acceptance	1995	 27.5	  60.00
Acceptance	1995	 30.0	  64.00
Acceptance	1995	 32.5	  69.00
Acceptance	1995	 35.0	  73.00
Acceptance	1995	 37.5	  77.00
Acceptance	1995	 40.0	  82.00
Acceptance	1995	 42.5	  87.00
Acceptance	1995	 45.0	  92.00
Acceptance	1995	 47.5	  96.00
Acceptance	1995	 50.0	 101.00
Acceptance	1995	 52.5	 106.00
Acceptance	1995	 55.0	 112.00
Acceptance	1995	 57.5	 116.00
Acceptance	1995	 60.0	 122.00
Acceptance	1995	 62.5	 127.00
Acceptance	1995	 65.0	 133.00
Acceptance	1995	 67.5	 141.00
Acceptance	1995	 70.0	 148.00
Acceptance	1995	 72.5	 157.00
Acceptance	1995	 75.0	 165.00
Acceptance	1995	 77.5	 174.00
Acceptance	1995	 80.0	 184.60
Acceptance	1995	 82.5	 195.00
Acceptance	1995	 85.0	 212.00
Acceptance	1995	 87.5	 232.00
Acceptance	1995	 90.0	 259.30
Acceptance	1995	 92.5	 298.00
Acceptance	1995	 95.0	 337.45
Acceptance	1995	 97.5	 437.15
Acceptance	1995	100.0	1594.00
Acceptance	1996	  0.0	   1.00
Acceptance	1996	  2.5	   5.33
Acceptance	1996	  5.0	  14.00
Acceptance	1996	  7.5	  22.00
Acceptance	1996	 10.0	  29.00
Acceptance	1996	 12.5	  36.62
Acceptance	1996	 15.0	  45.00
Acceptance	1996	 17.5	  50.00
Acceptance	1996	 20.0	  56.00
Acceptance	1996	 22.5	  62.00
Acceptance	1996	 25.0	  68.00
Acceptance	1996	 27.5	  73.00
Acceptance	1996	 30.0	  78.00
Acceptance	1996	 32.5	  83.00
Acceptance	1996	 35.0	  86.00
Acceptance	1996	 37.5	  91.00
Acceptance	1996	 40.0	  95.20
Acceptance	1996	 42.5	 101.00
Acceptance	1996	 45.0	 105.00
Acceptance	1996	 47.5	 109.00
Acceptance	1996	 50.0	 114.00
Acceptance	1996	 52.5	 119.00
Acceptance	1996	 55.0	 126.00
Acceptance	1996	 57.5	 132.00
Acceptance	1996	 60.0	 139.00
Acceptance	1996	 62.5	 145.12
Acceptance	1996	 65.0	 150.45
Acceptance	1996	 67.5	 158.00
Acceptance	1996	 70.0	 165.00
Acceptance	1996	 72.5	 173.00
Acceptance	1996	 75.0	 184.00
Acceptance	1996	 77.5	 192.00
Acceptance	1996	 80.0	 204.00
Acceptance	1996	 82.5	 216.00
Acceptance	1996	 85.0	 226.05
Acceptance	1996	 87.5	 243.00
Acceptance	1996	 90.0	 263.70
Acceptance	1996	 92.5	 297.03
Acceptance	1996	 95.0	 346.35
Acceptance	1996	 97.5	 438.68
Acceptance	1996	100.0	1141.00
Acceptance	1997	  0.0	   1.00
Acceptance	1997	  2.5	   3.00
Acceptance	1997	  5.0	   7.00
Acceptance	1997	  7.5	  20.00
Acceptance	1997	 10.0	  35.00
Acceptance	1997	 12.5	  49.00
Acceptance	1997	 15.0	  57.95
Acceptance	1997	 17.5	  63.00
Acceptance	1997	 20.0	  71.00
Acceptance	1997	 22.5	  75.43
Acceptance	1997	 25.0	  80.00
Acceptance	1997	 27.5	  85.00
Acceptance	1997	 30.0	  89.00
Acceptance	1997	 32.5	  93.00
Acceptance	1997	 35.0	  97.00
Acceptance	1997	 37.5	  99.00
Acceptance	1997	 40.0	 104.00
Acceptance	1997	 42.5	 107.00
Acceptance	1997	 45.0	 112.00
Acceptance	1997	 47.5	 115.00
Acceptance	1997	 50.0	 119.00
Acceptance	1997	 52.5	 121.00
Acceptance	1997	 55.0	 126.00
Acceptance	1997	 57.5	 130.00
Acceptance	1997	 60.0	 134.00
Acceptance	1997	 62.5	 140.00
Acceptance	1997	 65.0	 144.00
Acceptance	1997	 67.5	 152.00
Acceptance	1997	 70.0	 161.00
Acceptance	1997	 72.5	 168.00
Acceptance	1997	 75.0	 176.00
Acceptance	1997	 77.5	 187.00
Acceptance	1997	 80.0	 200.40
Acceptance	1997	 82.5	 212.00
Acceptance	1997	 85.0	 227.00
Acceptance	1997	 87.5	 244.00
Acceptance	1997	 90.0	 272.00
Acceptance	1997	 92.5	 304.53
Acceptance	1997	 95.0	 350.00
Acceptance	1997	 97.5	 427.00
Acceptance	1997	100.0	1064.00
Acceptance	1998	  0.0	   2.00
Acceptance	1998	  2.5	   5.00
Acceptance	1998	  5.0	   7.00
Acceptance	1998	  7.5	  15.00
Acceptance	1998	 10.0	  24.00
Acceptance	1998	 12.5	  31.00
Acceptance	1998	 15.0	  41.00
Acceptance	1998	 17.5	  47.45
Acceptance	1998	 20.0	  55.00
Acceptance	1998	 22.5	  62.00
Acceptance	1998	 25.0	  66.00
Acceptance	1998	 27.5	  72.00
Acceptance	1998	 30.0	  77.00
Acceptance	1998	 32.5	  83.00
Acceptance	1998	 35.0	  87.00
Acceptance	1998	 37.5	  92.00
Acceptance	1998	 40.0	  97.00
Acceptance	1998	 42.5	 102.00
Acceptance	1998	 45.0	 107.00
Acceptance	1998	 47.5	 111.00
Acceptance	1998	 50.0	 115.00
Acceptance	1998	 52.5	 119.00
Acceptance	1998	 55.0	 122.00
Acceptance	1998	 57.5	 125.00
Acceptance	1998	 60.0	 128.00
Acceptance	1998	 62.5	 132.00
Acceptance	1998	 65.0	 136.00
Acceptance	1998	 67.5	 144.00
Acceptance	1998	 70.0	 150.00
Acceptance	1998	 72.5	 156.00
Acceptance	1998	 75.0	 163.00
Acceptance	1998	 77.5	 171.00
Acceptance	1998	 80.0	 178.00
Acceptance	1998	 82.5	 188.00
Acceptance	1998	 85.0	 202.00
Acceptance	1998	 87.5	 219.00
Acceptance	1998	 90.0	 241.00
Acceptance	1998	 92.5	 275.90
Acceptance	1998	 95.0	 333.60
Acceptance	1998	 97.5	 435.65
Acceptance	1998	100.0	1027.00
Acceptance	1999	  0.0	   1.00
Acceptance	1999	  2.5	   6.00
Acceptance	1999	  5.0	  10.00
Acceptance	1999	  7.5	  14.00
Acceptance	1999	 10.0	  21.00
Acceptance	1999	 12.5	  28.00
Acceptance	1999	 15.0	  35.00
Acceptance	1999	 17.5	  42.00
Acceptance	1999	 20.0	  49.00
Acceptance	1999	 22.5	  53.00
Acceptance	1999	 25.0	  57.00
Acceptance	1999	 27.5	  62.00
Acceptance	1999	 30.0	  66.00
Acceptance	1999	 32.5	  70.00
Acceptance	1999	 35.0	  75.00
Acceptance	1999	 37.5	  79.00
Acceptance	1999	 40.0	  84.00
Acceptance	1999	 42.5	  89.00
Acceptance	1999	 45.0	  93.00
Acceptance	1999	 47.5	  98.00
Acceptance	1999	 50.0	 104.00
Acceptance	1999	 52.5	 109.00
Acceptance	1999	 55.0	 115.00
Acceptance	1999	 57.5	 121.00
Acceptance	1999	 60.0	 126.00
Acceptance	1999	 62.5	 131.00
Acceptance	1999	 65.0	 136.70
Acceptance	1999	 67.5	 142.00
Acceptance	1999	 70.0	 148.00
Acceptance	1999	 72.5	 155.00
Acceptance	1999	 75.0	 161.00
Acceptance	1999	 77.5	 169.00
Acceptance	1999	 80.0	 178.00
Acceptance	1999	 82.5	 189.35
Acceptance	1999	 85.0	 201.00
Acceptance	1999	 87.5	 217.00
Acceptance	1999	 90.0	 242.00
Acceptance	1999	 92.5	 267.00
Acceptance	1999	 95.0	 311.10
Acceptance	1999	 97.5	 400.10
Acceptance	1999	100.0	1366.00
Acceptance	2000	  0.0	   1.00
Acceptance	2000	  2.5	   4.00
Acceptance	2000	  5.0	   9.00
Acceptance	2000	  7.5	  14.00
Acceptance	2000	 10.0	  20.00
Acceptance	2000	 12.5	  24.00
Acceptance	2000	 15.0	  29.00
Acceptance	2000	 17.5	  33.00
Acceptance	2000	 20.0	  37.00
Acceptance	2000	 22.5	  41.00
Acceptance	2000	 25.0	  45.00
Acceptance	2000	 27.5	  49.00
Acceptance	2000	 30.0	  53.30
Acceptance	2000	 32.5	  57.00
Acceptance	2000	 35.0	  61.00
Acceptance	2000	 37.5	  64.00
Acceptance	2000	 40.0	  69.00
Acceptance	2000	 42.5	  72.00
Acceptance	2000	 45.0	  77.00
Acceptance	2000	 47.5	  81.00
Acceptance	2000	 50.0	  84.00
Acceptance	2000	 52.5	  89.00
Acceptance	2000	 55.0	  94.00
Acceptance	2000	 57.5	  98.00
Acceptance	2000	 60.0	 103.00
Acceptance	2000	 62.5	 107.00
Acceptance	2000	 65.0	 112.00
Acceptance	2000	 67.5	 118.00
Acceptance	2000	 70.0	 123.00
Acceptance	2000	 72.5	 129.00
Acceptance	2000	 75.0	 135.00
Acceptance	2000	 77.5	 142.00
Acceptance	2000	 80.0	 150.00
Acceptance	2000	 82.5	 160.00
Acceptance	2000	 85.0	 172.00
Acceptance	2000	 87.5	 184.00
Acceptance	2000	 90.0	 200.90
Acceptance	2000	 92.5	 224.00
Acceptance	2000	 95.0	 259.00
Acceptance	2000	 97.5	 321.00
Acceptance	2000	100.0	1300.00
Acceptance	2001	  0.0	   1.00
Acceptance	2001	  2.5	   9.00
Acceptance	2001	  5.0	  18.00
Acceptance	2001	  7.5	  26.00
Acceptance	2001	 10.0	  34.00
Acceptance	2001	 12.5	  39.00
Acceptance	2001	 15.0	  44.00
Acceptance	2001	 17.5	  49.00
Acceptance	2001	 20.0	  55.00
Acceptance	2001	 22.5	  58.00
Acceptance	2001	 25.0	  63.00
Acceptance	2001	 27.5	  67.00
Acceptance	2001	 30.0	  71.00
Acceptance	2001	 32.5	  76.00
Acceptance	2001	 35.0	  79.00
Acceptance	2001	 37.5	  83.00
Acceptance	2001	 40.0	  87.00
Acceptance	2001	 42.5	  91.00
Acceptance	2001	 45.0	  96.00
Acceptance	2001	 47.5	  99.00
Acceptance	2001	 50.0	 104.00
Acceptance	2001	 52.5	 108.55
Acceptance	2001	 55.0	 113.00
Acceptance	2001	 57.5	 118.00
Acceptance	2001	 60.0	 122.00
Acceptance	2001	 62.5	 127.00
Acceptance	2001	 65.0	 133.00
Acceptance	2001	 67.5	 138.00
Acceptance	2001	 70.0	 145.00
Acceptance	2001	 72.5	 151.00
Acceptance	2001	 75.0	 159.00
Acceptance	2001	 77.5	 167.00
Acceptance	2001	 80.0	 177.00
Acceptance	2001	 82.5	 188.00
Acceptance	2001	 85.0	 199.00
Acceptance	2001	 87.5	 213.00
Acceptance	2001	 90.0	 230.00
Acceptance	2001	 92.5	 252.00
Acceptance	2001	 95.0	 287.00
Acceptance	2001	 97.5	 350.90
Acceptance	2001	100.0	1311.00
Acceptance	2002	  0.0	   1.00
Acceptance	2002	  2.5	   9.00
Acceptance	2002	  5.0	  18.00
Acceptance	2002	  7.5	  27.00
Acceptance	2002	 10.0	  35.00
Acceptance	2002	 12.5	  41.00
Acceptance	2002	 15.0	  47.00
Acceptance	2002	 17.5	  52.00
Acceptance	2002	 20.0	  57.00
Acceptance	2002	 22.5	  62.00
Acceptance	2002	 25.0	  66.00
Acceptance	2002	 27.5	  70.00
Acceptance	2002	 30.0	  75.00
Acceptance	2002	 32.5	  79.00
Acceptance	2002	 35.0	  83.00
Acceptance	2002	 37.5	  87.00
Acceptance	2002	 40.0	  91.00
Acceptance	2002	 42.5	  96.00
Acceptance	2002	 45.0	 100.00
Acceptance	2002	 47.5	 104.00
Acceptance	2002	 50.0	 108.00
Acceptance	2002	 52.5	 113.00
Acceptance	2002	 55.0	 118.00
Acceptance	2002	 57.5	 122.00
Acceptance	2002	 60.0	 127.00
Acceptance	2002	 62.5	 133.00
Acceptance	2002	 65.0	 137.00
Acceptance	2002	 67.5	 143.00
Acceptance	2002	 70.0	 149.00
Acceptance	2002	 72.5	 156.00
Acceptance	2002	 75.0	 164.00
Acceptance	2002	 77.5	 172.00
Acceptance	2002	 80.0	 181.00
Acceptance	2002	 82.5	 192.00
Acceptance	2002	 85.0	 204.00
Acceptance	2002	 87.5	 218.00
Acceptance	2002	 90.0	 237.00
Acceptance	2002	 92.5	 262.00
Acceptance	2002	 95.0	 295.00
Acceptance	2002	 97.5	 364.00
Acceptance	2002	100.0	1438.00
Acceptance	2003	  0.0	   1.00
Acceptance	2003	  2.5	  10.00
Acceptance	2003	  5.0	  21.00
Acceptance	2003	  7.5	  30.00
Acceptance	2003	 10.0	  36.00
Acceptance	2003	 12.5	  43.00
Acceptance	2003	 15.0	  49.00
Acceptance	2003	 17.5	  54.00
Acceptance	2003	 20.0	  59.00
Acceptance	2003	 22.5	  63.00
Acceptance	2003	 25.0	  68.00
Acceptance	2003	 27.5	  72.00
Acceptance	2003	 30.0	  77.00
Acceptance	2003	 32.5	  81.00
Acceptance	2003	 35.0	  85.00
Acceptance	2003	 37.5	  90.00
Acceptance	2003	 40.0	  94.00
Acceptance	2003	 42.5	  98.00
Acceptance	2003	 45.0	 103.00
Acceptance	2003	 47.5	 107.00
Acceptance	2003	 50.0	 112.00
Acceptance	2003	 52.5	 116.00
Acceptance	2003	 55.0	 121.00
Acceptance	2003	 57.5	 126.00
Acceptance	2003	 60.0	 132.00
Acceptance	2003	 62.5	 137.00
Acceptance	2003	 65.0	 143.00
Acceptance	2003	 67.5	 150.00
Acceptance	2003	 70.0	 156.00
Acceptance	2003	 72.5	 164.00
Acceptance	2003	 75.0	 172.00
Acceptance	2003	 77.5	 181.00
Acceptance	2003	 80.0	 191.00
Acceptance	2003	 82.5	 203.00
Acceptance	2003	 85.0	 217.00
Acceptance	2003	 87.5	 234.00
Acceptance	2003	 90.0	 253.00
Acceptance	2003	 92.5	 282.00
Acceptance	2003	 95.0	 321.00
Acceptance	2003	 97.5	 395.00
Acceptance	2003	100.0	1640.00
Acceptance	2004	  0.0	   1.00
Acceptance	2004	  2.5	  10.00
Acceptance	2004	  5.0	  21.00
Acceptance	2004	  7.5	  29.00
Acceptance	2004	 10.0	  36.00
Acceptance	2004	 12.5	  42.00
Acceptance	2004	 15.0	  48.00
Acceptance	2004	 17.5	  53.00
Acceptance	2004	 20.0	  58.00
Acceptance	2004	 22.5	  62.00
Acceptance	2004	 25.0	  67.00
Acceptance	2004	 27.5	  71.00
Acceptance	2004	 30.0	  75.00
Acceptance	2004	 32.5	  79.00
Acceptance	2004	 35.0	  84.00
Acceptance	2004	 37.5	  88.00
Acceptance	2004	 40.0	  92.00
Acceptance	2004	 42.5	  97.00
Acceptance	2004	 45.0	 101.00
Acceptance	2004	 47.5	 106.00
Acceptance	2004	 50.0	 111.00
Acceptance	2004	 52.5	 116.00
Acceptance	2004	 55.0	 120.00
Acceptance	2004	 57.5	 126.00
Acceptance	2004	 60.0	 132.00
Acceptance	2004	 62.5	 138.00
Acceptance	2004	 65.0	 144.00
Acceptance	2004	 67.5	 150.00
Acceptance	2004	 70.0	 157.00
Acceptance	2004	 72.5	 165.00
Acceptance	2004	 75.0	 174.00
Acceptance	2004	 77.5	 183.00
Acceptance	2004	 80.0	 194.00
Acceptance	2004	 82.5	 206.00
Acceptance	2004	 85.0	 220.00
Acceptance	2004	 87.5	 238.00
Acceptance	2004	 90.0	 260.00
Acceptance	2004	 92.5	 289.00
Acceptance	2004	 95.0	 331.00
Acceptance	2004	 97.5	 407.00
Acceptance	2004	100.0	1802.00
Acceptance	2005	  0.0	   1.00
Acceptance	2005	  2.5	   6.00
Acceptance	2005	  5.0	  15.00
Acceptance	2005	  7.5	  24.00
Acceptance	2005	 10.0	  31.00
Acceptance	2005	 12.5	  38.00
Acceptance	2005	 15.0	  43.00
Acceptance	2005	 17.5	  48.00
Acceptance	2005	 20.0	  53.00
Acceptance	2005	 22.5	  57.00
Acceptance	2005	 25.0	  61.00
Acceptance	2005	 27.5	  65.00
Acceptance	2005	 30.0	  70.00
Acceptance	2005	 32.5	  74.00
Acceptance	2005	 35.0	  78.00
Acceptance	2005	 37.5	  82.00
Acceptance	2005	 40.0	  86.00
Acceptance	2005	 42.5	  91.00
Acceptance	2005	 45.0	  95.00
Acceptance	2005	 47.5	  99.00
Acceptance	2005	 50.0	 104.00
Acceptance	2005	 52.5	 109.00
Acceptance	2005	 55.0	 114.00
Acceptance	2005	 57.5	 119.00
Acceptance	2005	 60.0	 125.00
Acceptance	2005	 62.5	 130.00
Acceptance	2005	 65.0	 137.00
Acceptance	2005	 67.5	 143.00
Acceptance	2005	 70.0	 150.00
Acceptance	2005	 72.5	 157.00
Acceptance	2005	 75.0	 166.00
Acceptance	2005	 77.5	 175.00
Acceptance	2005	 80.0	 185.00
Acceptance	2005	 82.5	 197.00
Acceptance	2005	 85.0	 211.00
Acceptance	2005	 87.5	 229.00
Acceptance	2005	 90.0	 252.00
Acceptance	2005	 92.5	 281.00
Acceptance	2005	 95.0	 326.00
Acceptance	2005	 97.5	 406.00
Acceptance	2005	100.0	1743.00
Acceptance	2006	  0.0	   1.00
Acceptance	2006	  2.5	   6.00
Acceptance	2006	  5.0	  15.00
Acceptance	2006	  7.5	  24.00
Acceptance	2006	 10.0	  31.00
Acceptance	2006	 12.5	  37.00
Acceptance	2006	 15.0	  42.00
Acceptance	2006	 17.5	  47.00
Acceptance	2006	 20.0	  52.00
Acceptance	2006	 22.5	  56.00
Acceptance	2006	 25.0	  61.00
Acceptance	2006	 27.5	  64.00
Acceptance	2006	 30.0	  69.00
Acceptance	2006	 32.5	  73.00
Acceptance	2006	 35.0	  77.00
Acceptance	2006	 37.5	  81.00
Acceptance	2006	 40.0	  85.00
Acceptance	2006	 42.5	  90.00
Acceptance	2006	 45.0	  94.00
Acceptance	2006	 47.5	  98.00
Acceptance	2006	 50.0	 103.00
Acceptance	2006	 52.5	 108.00
Acceptance	2006	 55.0	 113.00
Acceptance	2006	 57.5	 118.00
Acceptance	2006	 60.0	 124.00
Acceptance	2006	 62.5	 129.00
Acceptance	2006	 65.0	 135.00
Acceptance	2006	 67.5	 141.00
Acceptance	2006	 70.0	 148.00
Acceptance	2006	 72.5	 156.00
Acceptance	2006	 75.0	 165.00
Acceptance	2006	 77.5	 174.00
Acceptance	2006	 80.0	 184.00
Acceptance	2006	 82.5	 197.00
Acceptance	2006	 85.0	 211.00
Acceptance	2006	 87.5	 227.00
Acceptance	2006	 90.0	 248.00
Acceptance	2006	 92.5	 278.00
Acceptance	2006	 95.0	 322.00
Acceptance	2006	 97.5	 402.00
Acceptance	2006	100.0	1753.00
Acceptance	2007	  0.0	   1.00
Acceptance	2007	  2.5	   5.00
Acceptance	2007	  5.0	  14.00
Acceptance	2007	  7.5	  23.00
Acceptance	2007	 10.0	  30.00
Acceptance	2007	 12.5	  36.00
Acceptance	2007	 15.0	  42.00
Acceptance	2007	 17.5	  47.00
Acceptance	2007	 20.0	  52.00
Acceptance	2007	 22.5	  56.00
Acceptance	2007	 25.0	  60.00
Acceptance	2007	 27.5	  64.00
Acceptance	2007	 30.0	  69.00
Acceptance	2007	 32.5	  73.00
Acceptance	2007	 35.0	  77.00
Acceptance	2007	 37.5	  81.00
Acceptance	2007	 40.0	  86.00
Acceptance	2007	 42.5	  90.00
Acceptance	2007	 45.0	  94.00
Acceptance	2007	 47.5	  99.00
Acceptance	2007	 50.0	 104.00
Acceptance	2007	 52.5	 109.00
Acceptance	2007	 55.0	 114.00
Acceptance	2007	 57.5	 119.00
Acceptance	2007	 60.0	 125.00
Acceptance	2007	 62.5	 131.00
Acceptance	2007	 65.0	 137.00
Acceptance	2007	 67.5	 144.00
Acceptance	2007	 70.0	 151.00
Acceptance	2007	 72.5	 159.00
Acceptance	2007	 75.0	 167.00
Acceptance	2007	 77.5	 177.00
Acceptance	2007	 80.0	 188.00
Acceptance	2007	 82.5	 200.00
Acceptance	2007	 85.0	 213.00
Acceptance	2007	 87.5	 229.00
Acceptance	2007	 90.0	 251.00
Acceptance	2007	 92.5	 279.00
Acceptance	2007	 95.0	 320.00
Acceptance	2007	 97.5	 395.00
Acceptance	2007	100.0	1737.00
Acceptance	2008	  0.0	   1.00
Acceptance	2008	  2.5	   5.00
Acceptance	2008	  5.0	  13.00
Acceptance	2008	  7.5	  22.00
Acceptance	2008	 10.0	  29.00
Acceptance	2008	 12.5	  35.00
Acceptance	2008	 15.0	  41.00
Acceptance	2008	 17.5	  46.00
Acceptance	2008	 20.0	  50.00
Acceptance	2008	 22.5	  55.00
Acceptance	2008	 25.0	  59.00
Acceptance	2008	 27.5	  63.00
Acceptance	2008	 30.0	  67.00
Acceptance	2008	 32.5	  71.00
Acceptance	2008	 35.0	  76.00
Acceptance	2008	 37.5	  80.00
Acceptance	2008	 40.0	  84.00
Acceptance	2008	 42.5	  89.00
Acceptance	2008	 45.0	  93.00
Acceptance	2008	 47.5	  98.00
Acceptance	2008	 50.0	 103.00
Acceptance	2008	 52.5	 107.00
Acceptance	2008	 55.0	 112.00
Acceptance	2008	 57.5	 118.00
Acceptance	2008	 60.0	 124.00
Acceptance	2008	 62.5	 129.00
Acceptance	2008	 65.0	 135.00
Acceptance	2008	 67.5	 142.00
Acceptance	2008	 70.0	 149.00
Acceptance	2008	 72.5	 157.00
Acceptance	2008	 75.0	 165.00
Acceptance	2008	 77.5	 175.00
Acceptance	2008	 80.0	 185.00
Acceptance	2008	 82.5	 197.00
Acceptance	2008	 85.0	 210.00
Acceptance	2008	 87.5	 227.00
Acceptance	2008	 90.0	 248.00
Acceptance	2008	 92.5	 274.00
Acceptance	2008	 95.0	 315.00
Acceptance	2008	 97.5	 392.00
Acceptance	2008	100.0	1611.00
Acceptance	2009	  0.0	   1.00
Acceptance	2009	  2.5	   4.00
Acceptance	2009	  5.0	  11.00
Acceptance	2009	  7.5	  19.00
Acceptance	2009	 10.0	  26.00
Acceptance	2009	 12.5	  32.00
Acceptance	2009	 15.0	  38.00
Acceptance	2009	 17.5	  43.00
Acceptance	2009	 20.0	  48.00
Acceptance	2009	 22.5	  52.00
Acceptance	2009	 25.0	  56.00
Acceptance	2009	 27.5	  61.00
Acceptance	2009	 30.0	  65.00
Acceptance	2009	 32.5	  69.00
Acceptance	2009	 35.0	  73.00
Acceptance	2009	 37.5	  77.00
Acceptance	2009	 40.0	  82.00
Acceptance	2009	 42.5	  86.00
Acceptance	2009	 45.0	  91.00
Acceptance	2009	 47.5	  95.00
Acceptance	2009	 50.0	 100.00
Acceptance	2009	 52.5	 105.00
Acceptance	2009	 55.0	 110.00
Acceptance	2009	 57.5	 115.00
Acceptance	2009	 60.0	 121.00
Acceptance	2009	 62.5	 127.00
Acceptance	2009	 65.0	 133.00
Acceptance	2009	 67.5	 140.00
Acceptance	2009	 70.0	 147.00
Acceptance	2009	 72.5	 154.00
Acceptance	2009	 75.0	 163.00
Acceptance	2009	 77.5	 172.00
Acceptance	2009	 80.0	 182.00
Acceptance	2009	 82.5	 195.00
Acceptance	2009	 85.0	 208.00
Acceptance	2009	 87.5	 224.00
Acceptance	2009	 90.0	 245.00
Acceptance	2009	 92.5	 273.00
Acceptance	2009	 95.0	 314.00
Acceptance	2009	 97.5	 389.00
Acceptance	2009	100.0	1755.00
Acceptance	2010	  0.0	   1.00
Acceptance	2010	  2.5	   5.00
Acceptance	2010	  5.0	  13.00
Acceptance	2010	  7.5	  21.00
Acceptance	2010	 10.0	  29.00
Acceptance	2010	 12.5	  35.00
Acceptance	2010	 15.0	  41.00
Acceptance	2010	 17.5	  45.00
Acceptance	2010	 20.0	  50.00
Acceptance	2010	 22.5	  55.00
Acceptance	2010	 25.0	  59.00
Acceptance	2010	 27.5	  63.00
Acceptance	2010	 30.0	  67.00
Acceptance	2010	 32.5	  71.00
Acceptance	2010	 35.0	  75.00
Acceptance	2010	 37.5	  79.00
Acceptance	2010	 40.0	  84.00
Acceptance	2010	 42.5	  88.00
Acceptance	2010	 45.0	  92.00
Acceptance	2010	 47.5	  97.00
Acceptance	2010	 50.0	 101.00
Acceptance	2010	 52.5	 106.00
Acceptance	2010	 55.0	 111.00
Acceptance	2010	 57.5	 117.00
Acceptance	2010	 60.0	 122.00
Acceptance	2010	 62.5	 127.00
Acceptance	2010	 65.0	 133.00
Acceptance	2010	 67.5	 140.00
Acceptance	2010	 70.0	 147.00
Acceptance	2010	 72.5	 154.00
Acceptance	2010	 75.0	 162.00
Acceptance	2010	 77.5	 172.00
Acceptance	2010	 80.0	 182.00
Acceptance	2010	 82.5	 193.00
Acceptance	2010	 85.0	 207.00
Acceptance	2010	 87.5	 223.00
Acceptance	2010	 90.0	 243.00
Acceptance	2010	 92.5	 270.00
Acceptance	2010	 95.0	 310.00
Acceptance	2010	 97.5	 384.00
Acceptance	2010	100.0	1803.00
Acceptance	2011	  0.0	   1.00
Acceptance	2011	  2.5	   6.00
Acceptance	2011	  5.0	  15.00
Acceptance	2011	  7.5	  23.00
Acceptance	2011	 10.0	  30.00
Acceptance	2011	 12.5	  36.00
Acceptance	2011	 15.0	  41.00
Acceptance	2011	 17.5	  45.00
Acceptance	2011	 20.0	  49.00
Acceptance	2011	 22.5	  54.00
Acceptance	2011	 25.0	  58.00
Acceptance	2011	 27.5	  62.00
Acceptance	2011	 30.0	  66.00
Acceptance	2011	 32.5	  70.00
Acceptance	2011	 35.0	  74.00
Acceptance	2011	 37.5	  78.00
Acceptance	2011	 40.0	  82.00
Acceptance	2011	 42.5	  86.00
Acceptance	2011	 45.0	  90.00
Acceptance	2011	 47.5	  95.00
Acceptance	2011	 50.0	  99.00
Acceptance	2011	 52.5	 104.00
Acceptance	2011	 55.0	 109.00
Acceptance	2011	 57.5	 113.00
Acceptance	2011	 60.0	 119.00
Acceptance	2011	 62.5	 125.00
Acceptance	2011	 65.0	 130.00
Acceptance	2011	 67.5	 137.00
Acceptance	2011	 70.0	 143.00
Acceptance	2011	 72.5	 150.00
Acceptance	2011	 75.0	 158.00
Acceptance	2011	 77.5	 167.00
Acceptance	2011	 80.0	 176.00
Acceptance	2011	 82.5	 188.00
Acceptance	2011	 85.0	 201.00
Acceptance	2011	 87.5	 216.00
Acceptance	2011	 90.0	 236.00
Acceptance	2011	 92.5	 262.00
Acceptance	2011	 95.0	 301.00
Acceptance	2011	 97.5	 375.00
Acceptance	2011	100.0	1807.00
Acceptance	2012	  0.0	   1.00
Acceptance	2012	  2.5	   7.00
Acceptance	2012	  5.0	  17.00
Acceptance	2012	  7.5	  25.00
Acceptance	2012	 10.0	  32.00
Acceptance	2012	 12.5	  37.00
Acceptance	2012	 15.0	  42.00
Acceptance	2012	 17.5	  47.00
Acceptance	2012	 20.0	  51.00
Acceptance	2012	 22.5	  55.00
Acceptance	2012	 25.0	  59.00
Acceptance	2012	 27.5	  63.00
Acceptance	2012	 30.0	  66.00
Acceptance	2012	 32.5	  70.00
Acceptance	2012	 35.0	  74.00
Acceptance	2012	 37.5	  78.00
Acceptance	2012	 40.0	  82.00
Acceptance	2012	 42.5	  86.00
Acceptance	2012	 45.0	  90.00
Acceptance	2012	 47.5	  94.00
Acceptance	2012	 50.0	  99.00
Acceptance	2012	 52.5	 103.00
Acceptance	2012	 55.0	 108.00
Acceptance	2012	 57.5	 113.00
Acceptance	2012	 60.0	 118.00
Acceptance	2012	 62.5	 124.00
Acceptance	2012	 65.0	 129.00
Acceptance	2012	 67.5	 135.00
Acceptance	2012	 70.0	 142.00
Acceptance	2012	 72.5	 149.00
Acceptance	2012	 75.0	 157.00
Acceptance	2012	 77.5	 166.00
Acceptance	2012	 80.0	 176.00
Acceptance	2012	 82.5	 187.00
Acceptance	2012	 85.0	 200.00
Acceptance	2012	 87.5	 216.00
Acceptance	2012	 90.0	 236.00
Acceptance	2012	 92.5	 262.00
Acceptance	2012	 95.0	 301.00
Acceptance	2012	 97.5	 375.00
Acceptance	2012	100.0	1737.00
Acceptance	2013	  0.0	   1.00
Acceptance	2013	  2.5	   8.00
Acceptance	2013	  5.0	  19.00
Acceptance	2013	  7.5	  26.00
Acceptance	2013	 10.0	  33.00
Acceptance	2013	 12.5	  38.00
Acceptance	2013	 15.0	  42.00
Acceptance	2013	 17.5	  47.00
Acceptance	2013	 20.0	  51.00
Acceptance	2013	 22.5	  55.00
Acceptance	2013	 25.0	  59.00
Acceptance	2013	 27.5	  63.00
Acceptance	2013	 30.0	  66.00
Acceptance	2013	 32.5	  70.00
Acceptance	2013	 35.0	  74.00
Acceptance	2013	 37.5	  78.00
Acceptance	2013	 40.0	  82.00
Acceptance	2013	 42.5	  85.00
Acceptance	2013	 45.0	  90.00
Acceptance	2013	 47.5	  93.00
Acceptance	2013	 50.0	  98.00
Acceptance	2013	 52.5	 102.00
Acceptance	2013	 55.0	 107.00
Acceptance	2013	 57.5	 112.00
Acceptance	2013	 60.0	 116.00
Acceptance	2013	 62.5	 122.00
Acceptance	2013	 65.0	 127.00
Acceptance	2013	 67.5	 133.00
Acceptance	2013	 70.0	 140.00
Acceptance	2013	 72.5	 147.00
Acceptance	2013	 75.0	 154.00
Acceptance	2013	 77.5	 163.00
Acceptance	2013	 80.0	 172.00
Acceptance	2013	 82.5	 183.00
Acceptance	2013	 85.0	 196.00
Acceptance	2013	 87.5	 211.00
Acceptance	2013	 90.0	 231.00
Acceptance	2013	 92.5	 256.00
Acceptance	2013	 95.0	 294.00
Acceptance	2013	 97.5	 364.00
Acceptance	2013	100.0	1821.00
Acceptance	2014	  0.0	   1.00
Acceptance	2014	  2.5	   9.00
Acceptance	2014	  5.0	  20.00
Acceptance	2014	  7.5	  28.00
Acceptance	2014	 10.0	  35.00
Acceptance	2014	 12.5	  40.00
Acceptance	2014	 15.0	  45.00
Acceptance	2014	 17.5	  49.00
Acceptance	2014	 20.0	  53.00
Acceptance	2014	 22.5	  57.00
Acceptance	2014	 25.0	  61.00
Acceptance	2014	 27.5	  65.00
Acceptance	2014	 30.0	  69.00
Acceptance	2014	 32.5	  72.00
Acceptance	2014	 35.0	  76.00
Acceptance	2014	 37.5	  80.00
Acceptance	2014	 40.0	  84.00
Acceptance	2014	 42.5	  88.00
Acceptance	2014	 45.0	  92.00
Acceptance	2014	 47.5	  96.00
Acceptance	2014	 50.0	 100.00
Acceptance	2014	 52.5	 104.00
Acceptance	2014	 55.0	 109.00
Acceptance	2014	 57.5	 114.00
Acceptance	2014	 60.0	 119.00
Acceptance	2014	 62.5	 124.00
Acceptance	2014	 65.0	 129.00
Acceptance	2014	 67.5	 135.00
Acceptance	2014	 70.0	 141.00
Acceptance	2014	 72.5	 148.00
Acceptance	2014	 75.0	 155.00
Acceptance	2014	 77.5	 164.00
Acceptance	2014	 80.0	 173.00
Acceptance	2014	 82.5	 183.00
Acceptance	2014	 85.0	 196.00
Acceptance	2014	 87.5	 210.00
Acceptance	2014	 90.0	 229.00
Acceptance	2014	 92.5	 253.00
Acceptance	2014	 95.0	 290.00
Acceptance	2014	 97.5	 360.00
Acceptance	2014	100.0	1808.00
Acceptance	2015	  0.0	   1.00
Acceptance	2015	  2.5	   8.00
Acceptance	2015	  5.0	  20.00
Acceptance	2015	  7.5	  29.00
Acceptance	2015	 10.0	  36.00
Acceptance	2015	 12.5	  41.00
Acceptance	2015	 15.0	  46.00
Acceptance	2015	 17.5	  50.00
Acceptance	2015	 20.0	  54.00
Acceptance	2015	 22.5	  58.00
Acceptance	2015	 25.0	  62.00
Acceptance	2015	 27.5	  66.00
Acceptance	2015	 30.0	  70.00
Acceptance	2015	 32.5	  74.00
Acceptance	2015	 35.0	  77.00
Acceptance	2015	 37.5	  81.00
Acceptance	2015	 40.0	  85.00
Acceptance	2015	 42.5	  89.00
Acceptance	2015	 45.0	  93.00
Acceptance	2015	 47.5	  97.00
Acceptance	2015	 50.0	 101.00
Acceptance	2015	 52.5	 106.00
Acceptance	2015	 55.0	 110.00
Acceptance	2015	 57.5	 115.00
Acceptance	2015	 60.0	 120.00
Acceptance	2015	 62.5	 125.00
Acceptance	2015	 65.0	 130.00
Acceptance	2015	 67.5	 136.00
Acceptance	2015	 70.0	 142.00
Acceptance	2015	 72.5	 149.00
Acceptance	2015	 75.0	 156.00
Acceptance	2015	 77.5	 165.00
Acceptance	2015	 80.0	 174.00
Acceptance	2015	 82.5	 184.00
Acceptance	2015	 85.0	 197.00
Acceptance	2015	 87.5	 212.00
Acceptance	2015	 90.0	 230.00
Acceptance	2015	 92.5	 253.00
Acceptance	2015	 95.0	 286.00
Acceptance	2015	 97.5	 350.00
Acceptance	2015	100.0	1794.00
Publication	1997	  0.0	  23.00
Publication	1997	  2.5	  24.80
Publication	1997	  5.0	  26.60
Publication	1997	  7.5	  28.40
Publication	1997	 10.0	  30.20
Publication	1997	 12.5	  32.00
Publication	1997	 15.0	  32.60
Publication	1997	 17.5	  33.20
Publication	1997	 20.0	  33.80
Publication	1997	 22.5	  34.40
Publication	1997	 25.0	  35.00
Publication	1997	 27.5	  35.40
Publication	1997	 30.0	  35.80
Publication	1997	 32.5	  36.20
Publication	1997	 35.0	  36.60
Publication	1997	 37.5	  37.00
Publication	1997	 40.0	  38.00
Publication	1997	 42.5	  39.00
Publication	1997	 45.0	  40.00
Publication	1997	 47.5	  41.00
Publication	1997	 50.0	  42.00
Publication	1997	 52.5	  46.60
Publication	1997	 55.0	  51.20
Publication	1997	 57.5	  55.80
Publication	1997	 60.0	  60.40
Publication	1997	 62.5	  65.00
Publication	1997	 65.0	  67.00
Publication	1997	 67.5	  69.00
Publication	1997	 70.0	  71.00
Publication	1997	 72.5	  73.00
Publication	1997	 75.0	  75.00
Publication	1997	 77.5	  75.80
Publication	1997	 80.0	  76.60
Publication	1997	 82.5	  77.40
Publication	1997	 85.0	  78.20
Publication	1997	 87.5	  79.00
Publication	1997	 90.0	 105.40
Publication	1997	 92.5	 131.80
Publication	1997	 95.0	 158.20
Publication	1997	 97.5	 184.60
Publication	1997	100.0	 211.00
Publication	1998	  0.0	   5.00
Publication	1998	  2.5	  44.50
Publication	1998	  5.0	  88.00
Publication	1998	  7.5	  99.00
Publication	1998	 10.0	 107.00
Publication	1998	 12.5	 109.00
Publication	1998	 15.0	 115.00
Publication	1998	 17.5	 115.00
Publication	1998	 20.0	 129.00
Publication	1998	 22.5	 131.25
Publication	1998	 25.0	 137.00
Publication	1998	 27.5	 140.75
Publication	1998	 30.0	 144.00
Publication	1998	 32.5	 147.00
Publication	1998	 35.0	 150.00
Publication	1998	 37.5	 150.75
Publication	1998	 40.0	 151.00
Publication	1998	 42.5	 154.00
Publication	1998	 45.0	 155.50
Publication	1998	 47.5	 161.00
Publication	1998	 50.0	 161.00
Publication	1998	 52.5	 163.00
Publication	1998	 55.0	 164.00
Publication	1998	 57.5	 168.75
Publication	1998	 60.0	 170.00
Publication	1998	 62.5	 172.00
Publication	1998	 65.0	 172.00
Publication	1998	 67.5	 176.00
Publication	1998	 70.0	 176.00
Publication	1998	 72.5	 179.00
Publication	1998	 75.0	 179.00
Publication	1998	 77.5	 182.00
Publication	1998	 80.0	 185.00
Publication	1998	 82.5	 190.00
Publication	1998	 85.0	 192.00
Publication	1998	 87.5	 193.00
Publication	1998	 90.0	 198.00
Publication	1998	 92.5	 198.25
Publication	1998	 95.0	 207.00
Publication	1998	 97.5	 211.00
Publication	1998	100.0	 467.00
Publication	1999	  0.0	   9.00
Publication	1999	  2.5	  14.90
Publication	1999	  5.0	  17.80
Publication	1999	  7.5	  21.00
Publication	1999	 10.0	  23.00
Publication	1999	 12.5	  27.00
Publication	1999	 15.0	  31.00
Publication	1999	 17.5	  35.00
Publication	1999	 20.0	  68.00
Publication	1999	 22.5	  88.00
Publication	1999	 25.0	  93.00
Publication	1999	 27.5	  95.00
Publication	1999	 30.0	  95.00
Publication	1999	 32.5	  99.00
Publication	1999	 35.0	 103.00
Publication	1999	 37.5	 107.00
Publication	1999	 40.0	 111.20
Publication	1999	 42.5	 117.00
Publication	1999	 45.0	 127.60
Publication	1999	 47.5	 131.00
Publication	1999	 50.0	 135.00
Publication	1999	 52.5	 136.00
Publication	1999	 55.0	 138.00
Publication	1999	 57.5	 141.00
Publication	1999	 60.0	 142.60
Publication	1999	 62.5	 143.00
Publication	1999	 65.0	 145.00
Publication	1999	 67.5	 149.00
Publication	1999	 70.0	 149.00
Publication	1999	 72.5	 151.00
Publication	1999	 75.0	 155.00
Publication	1999	 77.5	 157.00
Publication	1999	 80.0	 159.00
Publication	1999	 82.5	 162.00
Publication	1999	 85.0	 173.80
Publication	1999	 87.5	 185.00
Publication	1999	 90.0	 193.00
Publication	1999	 92.5	 211.90
Publication	1999	 95.0	 238.20
Publication	1999	 97.5	 246.00
Publication	1999	100.0	 325.00
Publication	2000	  0.0	   0.00
Publication	2000	  2.5	   8.00
Publication	2000	  5.0	  13.00
Publication	2000	  7.5	  15.00
Publication	2000	 10.0	  17.00
Publication	2000	 12.5	  19.00
Publication	2000	 15.0	  20.00
Publication	2000	 17.5	  21.00
Publication	2000	 20.0	  22.00
Publication	2000	 22.5	  24.00
Publication	2000	 25.0	  25.00
Publication	2000	 27.5	  27.60
Publication	2000	 30.0	  29.00
Publication	2000	 32.5	  30.00
Publication	2000	 35.0	  33.00
Publication	2000	 37.5	  34.00
Publication	2000	 40.0	  35.00
Publication	2000	 42.5	  36.00
Publication	2000	 45.0	  37.00
Publication	2000	 47.5	  38.00
Publication	2000	 50.0	  40.00
Publication	2000	 52.5	  42.00
Publication	2000	 55.0	  42.00
Publication	2000	 57.5	  43.00
Publication	2000	 60.0	  44.00
Publication	2000	 62.5	  47.00
Publication	2000	 65.0	  49.00
Publication	2000	 67.5	  52.20
Publication	2000	 70.0	  57.00
Publication	2000	 72.5	  66.00
Publication	2000	 75.0	  74.00
Publication	2000	 77.5	  86.00
Publication	2000	 80.0	  91.20
Publication	2000	 82.5	 100.00
Publication	2000	 85.0	 107.00
Publication	2000	 87.5	 114.00
Publication	2000	 90.0	 133.60
Publication	2000	 92.5	 157.20
Publication	2000	 95.0	 177.80
Publication	2000	 97.5	 216.80
Publication	2000	100.0	 498.00
Publication	2001	  0.0	   0.00
Publication	2001	  2.5	   0.00
Publication	2001	  5.0	   0.00
Publication	2001	  7.5	   0.00
Publication	2001	 10.0	   0.00
Publication	2001	 12.5	   0.00
Publication	2001	 15.0	  19.00
Publication	2001	 17.5	  23.00
Publication	2001	 20.0	  28.00
Publication	2001	 22.5	  30.00
Publication	2001	 25.0	  34.00
Publication	2001	 27.5	  36.00
Publication	2001	 30.0	  39.00
Publication	2001	 32.5	  42.00
Publication	2001	 35.0	  44.25
Publication	2001	 37.5	  48.00
Publication	2001	 40.0	  50.00
Publication	2001	 42.5	  53.00
Publication	2001	 45.0	  56.00
Publication	2001	 47.5	  59.00
Publication	2001	 50.0	  63.00
Publication	2001	 52.5	  66.00
Publication	2001	 55.0	  69.00
Publication	2001	 57.5	  72.00
Publication	2001	 60.0	  76.00
Publication	2001	 62.5	  81.00
Publication	2001	 65.0	  85.00
Publication	2001	 67.5	  89.00
Publication	2001	 70.0	  92.00
Publication	2001	 72.5	  97.38
Publication	2001	 75.0	 104.00
Publication	2001	 77.5	 112.00
Publication	2001	 80.0	 121.00
Publication	2001	 82.5	 137.00
Publication	2001	 85.0	 153.00
Publication	2001	 87.5	 177.62
Publication	2001	 90.0	 204.00
Publication	2001	 92.5	 247.75
Publication	2001	 95.0	 415.00
Publication	2001	 97.5	 679.63
Publication	2001	100.0	1060.00
Publication	2002	  0.0	   0.00
Publication	2002	  2.5	   0.00
Publication	2002	  5.0	   0.00
Publication	2002	  7.5	   0.00
Publication	2002	 10.0	  23.00
Publication	2002	 12.5	  28.00
Publication	2002	 15.0	  31.00
Publication	2002	 17.5	  35.00
Publication	2002	 20.0	  37.00
Publication	2002	 22.5	  39.00
Publication	2002	 25.0	  42.00
Publication	2002	 27.5	  43.00
Publication	2002	 30.0	  45.00
Publication	2002	 32.5	  48.00
Publication	2002	 35.0	  50.00
Publication	2002	 37.5	  51.00
Publication	2002	 40.0	  53.00
Publication	2002	 42.5	  55.00
Publication	2002	 45.0	  57.00
Publication	2002	 47.5	  59.00
Publication	2002	 50.0	  61.00
Publication	2002	 52.5	  63.00
Publication	2002	 55.0	  65.00
Publication	2002	 57.5	  68.00
Publication	2002	 60.0	  70.00
Publication	2002	 62.5	  72.00
Publication	2002	 65.0	  75.00
Publication	2002	 67.5	  78.00
Publication	2002	 70.0	  81.00
Publication	2002	 72.5	  85.00
Publication	2002	 75.0	  89.00
Publication	2002	 77.5	  94.00
Publication	2002	 80.0	  99.00
Publication	2002	 82.5	 107.00
Publication	2002	 85.0	 115.00
Publication	2002	 87.5	 123.00
Publication	2002	 90.0	 137.00
Publication	2002	 92.5	 153.00
Publication	2002	 95.0	 177.00
Publication	2002	 97.5	 242.25
Publication	2002	100.0	 983.00
Publication	2003	  0.0	   0.00
Publication	2003	  2.5	   0.00
Publication	2003	  5.0	   0.00
Publication	2003	  7.5	   0.00
Publication	2003	 10.0	  19.00
Publication	2003	 12.5	  24.00
Publication	2003	 15.0	  27.00
Publication	2003	 17.5	  30.00
Publication	2003	 20.0	  33.00
Publication	2003	 22.5	  36.00
Publication	2003	 25.0	  38.00
Publication	2003	 27.5	  40.00
Publication	2003	 30.0	  43.00
Publication	2003	 32.5	  44.00
Publication	2003	 35.0	  47.00
Publication	2003	 37.5	  49.00
Publication	2003	 40.0	  51.00
Publication	2003	 42.5	  53.00
Publication	2003	 45.0	  55.00
Publication	2003	 47.5	  57.00
Publication	2003	 50.0	  59.00
Publication	2003	 52.5	  62.00
Publication	2003	 55.0	  64.00
Publication	2003	 57.5	  67.00
Publication	2003	 60.0	  70.00
Publication	2003	 62.5	  72.00
Publication	2003	 65.0	  75.00
Publication	2003	 67.5	  79.00
Publication	2003	 70.0	  83.00
Publication	2003	 72.5	  87.00
Publication	2003	 75.0	  93.00
Publication	2003	 77.5	  99.00
Publication	2003	 80.0	 105.00
Publication	2003	 82.5	 113.00
Publication	2003	 85.0	 121.00
Publication	2003	 87.5	 131.00
Publication	2003	 90.0	 143.50
Publication	2003	 92.5	 157.00
Publication	2003	 95.0	 181.00
Publication	2003	 97.5	 220.00
Publication	2003	100.0	 898.00
Publication	2004	  0.0	   0.00
Publication	2004	  2.5	   0.00
Publication	2004	  5.0	   0.00
Publication	2004	  7.5	   0.00
Publication	2004	 10.0	   0.00
Publication	2004	 12.5	  19.00
Publication	2004	 15.0	  23.00
Publication	2004	 17.5	  27.00
Publication	2004	 20.0	  29.00
Publication	2004	 22.5	  31.00
Publication	2004	 25.0	  33.00
Publication	2004	 27.5	  35.08
Publication	2004	 30.0	  37.00
Publication	2004	 32.5	  39.00
Publication	2004	 35.0	  42.00
Publication	2004	 37.5	  43.00
Publication	2004	 40.0	  45.00
Publication	2004	 42.5	  47.00
Publication	2004	 45.0	  49.00
Publication	2004	 47.5	  51.00
Publication	2004	 50.0	  53.00
Publication	2004	 52.5	  56.00
Publication	2004	 55.0	  58.00
Publication	2004	 57.5	  61.00
Publication	2004	 60.0	  63.00
Publication	2004	 62.5	  66.00
Publication	2004	 65.0	  69.00
Publication	2004	 67.5	  72.00
Publication	2004	 70.0	  77.00
Publication	2004	 72.5	  81.00
Publication	2004	 75.0	  86.00
Publication	2004	 77.5	  92.00
Publication	2004	 80.0	  99.00
Publication	2004	 82.5	 106.00
Publication	2004	 85.0	 117.00
Publication	2004	 87.5	 127.00
Publication	2004	 90.0	 140.00
Publication	2004	 92.5	 156.00
Publication	2004	 95.0	 177.00
Publication	2004	 97.5	 233.18
Publication	2004	100.0	 988.00
Publication	2005	  0.0	   0.00
Publication	2005	  2.5	   0.00
Publication	2005	  5.0	   0.00
Publication	2005	  7.5	  12.00
Publication	2005	 10.0	  17.00
Publication	2005	 12.5	  21.00
Publication	2005	 15.0	  24.00
Publication	2005	 17.5	  27.00
Publication	2005	 20.0	  29.00
Publication	2005	 22.5	  32.00
Publication	2005	 25.0	  34.00
Publication	2005	 27.5	  36.00
Publication	2005	 30.0	  38.00
Publication	2005	 32.5	  40.00
Publication	2005	 35.0	  42.00
Publication	2005	 37.5	  43.00
Publication	2005	 40.0	  45.00
Publication	2005	 42.5	  47.00
Publication	2005	 45.0	  49.00
Publication	2005	 47.5	  50.00
Publication	2005	 50.0	  52.00
Publication	2005	 52.5	  55.00
Publication	2005	 55.0	  57.00
Publication	2005	 57.5	  59.00
Publication	2005	 60.0	  62.00
Publication	2005	 62.5	  64.00
Publication	2005	 65.0	  68.00
Publication	2005	 67.5	  71.00
Publication	2005	 70.0	  76.00
Publication	2005	 72.5	  80.00
Publication	2005	 75.0	  85.00
Publication	2005	 77.5	  91.00
Publication	2005	 80.0	  98.00
Publication	2005	 82.5	 105.00
Publication	2005	 85.0	 113.00
Publication	2005	 87.5	 123.00
Publication	2005	 90.0	 136.00
Publication	2005	 92.5	 154.00
Publication	2005	 95.0	 178.90
Publication	2005	 97.5	 231.00
Publication	2005	100.0	1010.00
Publication	2006	  0.0	   0.00
Publication	2006	  2.5	   0.00
Publication	2006	  5.0	   0.00
Publication	2006	  7.5	   5.00
Publication	2006	 10.0	   7.00
Publication	2006	 12.5	   9.00
Publication	2006	 15.0	  11.00
Publication	2006	 17.5	  14.00
Publication	2006	 20.0	  17.00
Publication	2006	 22.5	  20.00
Publication	2006	 25.0	  23.00
Publication	2006	 27.5	  26.00
Publication	2006	 30.0	  29.00
Publication	2006	 32.5	  31.00
Publication	2006	 35.0	  34.00
Publication	2006	 37.5	  36.00
Publication	2006	 40.0	  38.00
Publication	2006	 42.5	  40.00
Publication	2006	 45.0	  42.00
Publication	2006	 47.5	  43.00
Publication	2006	 50.0	  45.00
Publication	2006	 52.5	  47.00
Publication	2006	 55.0	  49.00
Publication	2006	 57.5	  51.00
Publication	2006	 60.0	  53.00
Publication	2006	 62.5	  56.00
Publication	2006	 65.0	  58.00
Publication	2006	 67.5	  61.00
Publication	2006	 70.0	  64.00
Publication	2006	 72.5	  68.00
Publication	2006	 75.0	  73.00
Publication	2006	 77.5	  78.00
Publication	2006	 80.0	  85.00
Publication	2006	 82.5	  93.00
Publication	2006	 85.0	 102.00
Publication	2006	 87.5	 113.00
Publication	2006	 90.0	 126.00
Publication	2006	 92.5	 146.00
Publication	2006	 95.0	 175.00
Publication	2006	 97.5	 233.00
Publication	2006	100.0	1080.00
Publication	2007	  0.0	   0.00
Publication	2007	  2.5	   0.00
Publication	2007	  5.0	   0.00
Publication	2007	  7.5	   4.00
Publication	2007	 10.0	   5.00
Publication	2007	 12.5	   6.00
Publication	2007	 15.0	   7.00
Publication	2007	 17.5	   8.00
Publication	2007	 20.0	   9.00
Publication	2007	 22.5	  10.00
Publication	2007	 25.0	  11.00
Publication	2007	 27.5	  12.00
Publication	2007	 30.0	  14.00
Publication	2007	 32.5	  16.00
Publication	2007	 35.0	  18.00
Publication	2007	 37.5	  21.00
Publication	2007	 40.0	  23.00
Publication	2007	 42.5	  25.00
Publication	2007	 45.0	  28.00
Publication	2007	 47.5	  30.00
Publication	2007	 50.0	  34.00
Publication	2007	 52.5	  36.00
Publication	2007	 55.0	  39.00
Publication	2007	 57.5	  41.00
Publication	2007	 60.0	  43.00
Publication	2007	 62.5	  46.00
Publication	2007	 65.0	  48.00
Publication	2007	 67.5	  51.00
Publication	2007	 70.0	  54.00
Publication	2007	 72.5	  57.00
Publication	2007	 75.0	  61.00
Publication	2007	 77.5	  66.00
Publication	2007	 80.0	  71.00
Publication	2007	 82.5	  79.00
Publication	2007	 85.0	  88.00
Publication	2007	 87.5	  99.00
Publication	2007	 90.0	 114.00
Publication	2007	 92.5	 133.00
Publication	2007	 95.0	 165.00
Publication	2007	 97.5	 231.00
Publication	2007	100.0	1095.00
Publication	2008	  0.0	   0.00
Publication	2008	  2.5	   0.00
Publication	2008	  5.0	   0.00
Publication	2008	  7.5	   3.00
Publication	2008	 10.0	   5.00
Publication	2008	 12.5	   6.00
Publication	2008	 15.0	   7.00
Publication	2008	 17.5	   8.00
Publication	2008	 20.0	   9.00
Publication	2008	 22.5	  10.00
Publication	2008	 25.0	  11.00
Publication	2008	 27.5	  12.00
Publication	2008	 30.0	  14.00
Publication	2008	 32.5	  15.00
Publication	2008	 35.0	  16.00
Publication	2008	 37.5	  18.00
Publication	2008	 40.0	  20.00
Publication	2008	 42.5	  22.00
Publication	2008	 45.0	  24.00
Publication	2008	 47.5	  27.00
Publication	2008	 50.0	  29.00
Publication	2008	 52.5	  32.00
Publication	2008	 55.0	  35.00
Publication	2008	 57.5	  38.00
Publication	2008	 60.0	  41.00
Publication	2008	 62.5	  43.00
Publication	2008	 65.0	  45.00
Publication	2008	 67.5	  48.00
Publication	2008	 70.0	  50.00
Publication	2008	 72.5	  53.00
Publication	2008	 75.0	  56.00
Publication	2008	 77.5	  60.00
Publication	2008	 80.0	  65.00
Publication	2008	 82.5	  71.00
Publication	2008	 85.0	  79.00
Publication	2008	 87.5	  89.00
Publication	2008	 90.0	 104.00
Publication	2008	 92.5	 124.00
Publication	2008	 95.0	 157.00
Publication	2008	 97.5	 222.00
Publication	2008	100.0	1094.00
Publication	2009	  0.0	   0.00
Publication	2009	  2.5	   0.00
Publication	2009	  5.0	   0.00
Publication	2009	  7.5	   3.00
Publication	2009	 10.0	   4.00
Publication	2009	 12.5	   5.00
Publication	2009	 15.0	   6.00
Publication	2009	 17.5	   7.00
Publication	2009	 20.0	   7.00
Publication	2009	 22.5	   8.00
Publication	2009	 25.0	   9.00
Publication	2009	 27.5	  10.00
Publication	2009	 30.0	  11.00
Publication	2009	 32.5	  12.00
Publication	2009	 35.0	  14.00
Publication	2009	 37.5	  15.00
Publication	2009	 40.0	  17.00
Publication	2009	 42.5	  19.00
Publication	2009	 45.0	  21.00
Publication	2009	 47.5	  22.00
Publication	2009	 50.0	  24.00
Publication	2009	 52.5	  26.00
Publication	2009	 55.0	  28.00
Publication	2009	 57.5	  29.00
Publication	2009	 60.0	  31.00
Publication	2009	 62.5	  33.00
Publication	2009	 65.0	  35.00
Publication	2009	 67.5	  37.00
Publication	2009	 70.0	  40.00
Publication	2009	 72.5	  43.00
Publication	2009	 75.0	  47.00
Publication	2009	 77.5	  51.00
Publication	2009	 80.0	  56.00
Publication	2009	 82.5	  63.00
Publication	2009	 85.0	  71.00
Publication	2009	 87.5	  81.00
Publication	2009	 90.0	  96.00
Publication	2009	 92.5	 117.00
Publication	2009	 95.0	 152.00
Publication	2009	 97.5	 217.00
Publication	2009	100.0	1075.00
Publication	2010	  0.0	   0.00
Publication	2010	  2.5	   0.00
Publication	2010	  5.0	   0.00
Publication	2010	  7.5	   0.00
Publication	2010	 10.0	   4.00
Publication	2010	 12.5	   5.00
Publication	2010	 15.0	   6.00
Publication	2010	 17.5	   7.00
Publication	2010	 20.0	   7.00
Publication	2010	 22.5	   8.00
Publication	2010	 25.0	   8.00
Publication	2010	 27.5	   9.00
Publication	2010	 30.0	  10.00
Publication	2010	 32.5	  12.00
Publication	2010	 35.0	  14.00
Publication	2010	 37.5	  15.00
Publication	2010	 40.0	  16.00
Publication	2010	 42.5	  18.00
Publication	2010	 45.0	  20.00
Publication	2010	 47.5	  22.00
Publication	2010	 50.0	  23.00
Publication	2010	 52.5	  24.00
Publication	2010	 55.0	  26.00
Publication	2010	 57.5	  28.00
Publication	2010	 60.0	  29.00
Publication	2010	 62.5	  31.00
Publication	2010	 65.0	  33.00
Publication	2010	 67.5	  35.00
Publication	2010	 70.0	  38.00
Publication	2010	 72.5	  41.00
Publication	2010	 75.0	  44.00
Publication	2010	 77.5	  49.00
Publication	2010	 80.0	  54.00
Publication	2010	 82.5	  60.00
Publication	2010	 85.0	  68.00
Publication	2010	 87.5	  78.00
Publication	2010	 90.0	  91.00
Publication	2010	 92.5	 110.00
Publication	2010	 95.0	 143.00
Publication	2010	 97.5	 204.00
Publication	2010	100.0	1050.00
Publication	2011	  0.0	   0.00
Publication	2011	  2.5	   0.00
Publication	2011	  5.0	   0.00
Publication	2011	  7.5	   3.00
Publication	2011	 10.0	   5.00
Publication	2011	 12.5	   6.00
Publication	2011	 15.0	   7.00
Publication	2011	 17.5	   8.00
Publication	2011	 20.0	   8.00
Publication	2011	 22.5	   9.00
Publication	2011	 25.0	  10.00
Publication	2011	 27.5	  11.00
Publication	2011	 30.0	  13.00
Publication	2011	 32.5	  14.00
Publication	2011	 35.0	  15.00
Publication	2011	 37.5	  17.00
Publication	2011	 40.0	  18.00
Publication	2011	 42.5	  20.00
Publication	2011	 45.0	  22.00
Publication	2011	 47.5	  23.00
Publication	2011	 50.0	  25.00
Publication	2011	 52.5	  26.00
Publication	2011	 55.0	  28.00
Publication	2011	 57.5	  30.00
Publication	2011	 60.0	  32.00
Publication	2011	 62.5	  34.00
Publication	2011	 65.0	  36.00
Publication	2011	 67.5	  39.00
Publication	2011	 70.0	  42.00
Publication	2011	 72.5	  46.00
Publication	2011	 75.0	  50.00
Publication	2011	 77.5	  54.00
Publication	2011	 80.0	  59.00
Publication	2011	 82.5	  64.00
Publication	2011	 85.0	  71.00
Publication	2011	 87.5	  80.00
Publication	2011	 90.0	  92.00
Publication	2011	 92.5	 109.00
Publication	2011	 95.0	 136.00
Publication	2011	 97.5	 192.00
Publication	2011	100.0	1065.00
Publication	2012	  0.0	   0.00
Publication	2012	  2.5	   0.00
Publication	2012	  5.0	   5.00
Publication	2012	  7.5	   7.00
Publication	2012	 10.0	   7.00
Publication	2012	 12.5	   8.00
Publication	2012	 15.0	   9.00
Publication	2012	 17.5	   9.00
Publication	2012	 20.0	  10.00
Publication	2012	 22.5	  11.00
Publication	2012	 25.0	  13.00
Publication	2012	 27.5	  14.00
Publication	2012	 30.0	  15.00
Publication	2012	 32.5	  17.00
Publication	2012	 35.0	  18.00
Publication	2012	 37.5	  20.00
Publication	2012	 40.0	  21.00
Publication	2012	 42.5	  23.00
Publication	2012	 45.0	  24.00
Publication	2012	 47.5	  26.00
Publication	2012	 50.0	  28.00
Publication	2012	 52.5	  29.00
Publication	2012	 55.0	  30.00
Publication	2012	 57.5	  32.00
Publication	2012	 60.0	  34.00
Publication	2012	 62.5	  35.00
Publication	2012	 65.0	  37.00
Publication	2012	 67.5	  40.00
Publication	2012	 70.0	  42.00
Publication	2012	 72.5	  45.00
Publication	2012	 75.0	  48.00
Publication	2012	 77.5	  51.00
Publication	2012	 80.0	  56.00
Publication	2012	 82.5	  61.00
Publication	2012	 85.0	  67.00
Publication	2012	 87.5	  75.00
Publication	2012	 90.0	  86.00
Publication	2012	 92.5	 101.00
Publication	2012	 95.0	 125.00
Publication	2012	 97.5	 172.00
Publication	2012	100.0	1041.00
Publication	2013	  0.0	   0.00
Publication	2013	  2.5	   4.00
Publication	2013	  5.0	   6.00
Publication	2013	  7.5	   7.00
Publication	2013	 10.0	   8.00
Publication	2013	 12.5	   8.00
Publication	2013	 15.0	   9.00
Publication	2013	 17.5	  10.00
Publication	2013	 20.0	  11.00
Publication	2013	 22.5	  12.00
Publication	2013	 25.0	  13.00
Publication	2013	 27.5	  14.00
Publication	2013	 30.0	  15.00
Publication	2013	 32.5	  17.00
Publication	2013	 35.0	  18.00
Publication	2013	 37.5	  20.00
Publication	2013	 40.0	  22.00
Publication	2013	 42.5	  23.00
Publication	2013	 45.0	  25.00
Publication	2013	 47.5	  27.00
Publication	2013	 50.0	  29.00
Publication	2013	 52.5	  30.00
Publication	2013	 55.0	  32.00
Publication	2013	 57.5	  34.00
Publication	2013	 60.0	  36.00
Publication	2013	 62.5	  37.00
Publication	2013	 65.0	  39.00
Publication	2013	 67.5	  41.00
Publication	2013	 70.0	  43.00
Publication	2013	 72.5	  45.00
Publication	2013	 75.0	  48.00
Publication	2013	 77.5	  51.00
Publication	2013	 80.0	  55.00
Publication	2013	 82.5	  59.00
Publication	2013	 85.0	  64.00
Publication	2013	 87.5	  71.00
Publication	2013	 90.0	  82.00
Publication	2013	 92.5	  97.00
Publication	2013	 95.0	 122.00
Publication	2013	 97.5	 173.00
Publication	2013	100.0	1080.00
Publication	2014	  0.0	   0.00
Publication	2014	  2.5	   4.00
Publication	2014	  5.0	   5.00
Publication	2014	  7.5	   7.00
Publication	2014	 10.0	   7.00
Publication	2014	 12.5	   8.00
Publication	2014	 15.0	   8.00
Publication	2014	 17.5	   9.00
Publication	2014	 20.0	  10.00
Publication	2014	 22.5	  10.00
Publication	2014	 25.0	  11.00
Publication	2014	 27.5	  12.00
Publication	2014	 30.0	  13.00
Publication	2014	 32.5	  14.00
Publication	2014	 35.0	  16.00
Publication	2014	 37.5	  17.00
Publication	2014	 40.0	  18.00
Publication	2014	 42.5	  20.00
Publication	2014	 45.0	  21.00
Publication	2014	 47.5	  22.00
Publication	2014	 50.0	  24.00
Publication	2014	 52.5	  25.00
Publication	2014	 55.0	  27.00
Publication	2014	 57.5	  28.00
Publication	2014	 60.0	  30.00
Publication	2014	 62.5	  32.00
Publication	2014	 65.0	  34.00
Publication	2014	 67.5	  36.00
Publication	2014	 70.0	  38.00
Publication	2014	 72.5	  41.00
Publication	2014	 75.0	  43.00
Publication	2014	 77.5	  47.00
Publication	2014	 80.0	  50.00
Publication	2014	 82.5	  55.00
Publication	2014	 85.0	  61.00
Publication	2014	 87.5	  68.00
Publication	2014	 90.0	  79.00
Publication	2014	 92.5	  94.00
Publication	2014	 95.0	 119.00
Publication	2014	 97.5	 174.00
Publication	2014	100.0	1078.00
Publication	2015	  0.0	   0.00
Publication	2015	  2.5	   2.00
Publication	2015	  5.0	   3.00
Publication	2015	  7.5	   4.00
Publication	2015	 10.0	   5.00
Publication	2015	 12.5	   6.00
Publication	2015	 15.0	   7.00
Publication	2015	 17.5	   8.00
Publication	2015	 20.0	   8.00
Publication	2015	 22.5	   9.00
Publication	2015	 25.0	  10.00
Publication	2015	 27.5	  11.00
Publication	2015	 30.0	  12.00
Publication	2015	 32.5	  13.00
Publication	2015	 35.0	  14.00
Publication	2015	 37.5	  15.00
Publication	2015	 40.0	  16.00
Publication	2015	 42.5	  17.00
Publication	2015	 45.0	  18.00
Publication	2015	 47.5	  20.00
Publication	2015	 50.0	  21.00
Publication	2015	 52.5	  22.00
Publication	2015	 55.0	  24.00
Publication	2015	 57.5	  26.00
Publication	2015	 60.0	  28.00
Publication	2015	 62.5	  30.00
Publication	2015	 65.0	  32.00
Publication	2015	 67.5	  35.00
Publication	2015	 70.0	  37.00
Publication	2015	 72.5	  40.00
Publication	2015	 75.0	  43.00
Publication	2015	 77.5	  46.00
Publication	2015	 80.0	  50.00
Publication	2015	 82.5	  55.00
Publication	2015	 85.0	  60.00
Publication	2015	 87.5	  67.00
Publication	2015	 90.0	  77.00
Publication	2015	 92.5	  92.00
Publication	2015	 95.0	 115.00
Publication	2015	 97.5	 169.00
Publication	2015	100.0	1081.00
